date,region_name,area_code,average_price,index,1m%_change,12m%_change,sales_volume
2013-01-01,Knowsley,E08000011,105390.6729,97.95891582,0.304925203,-1.85765643,67.0
2013-01-01,Liverpool,E08000012,105140.5433,93.98655164,-0.314031121,-2.003399555,292.0
2013-01-01,Merseyside,E11000002,118307.79,95.81443946,-0.183907597,-1.070033128,891.0
2013-01-01,Sefton,E08000014,135940.7468,98.60305575,0.431995955,-0.460236094,176.0
2013-01-01,St Helens,E08000013,107387.2971,96.95153447,0.002607658,0.660812142,103.0
2013-01-01,Stockport,E08000007,158771.029,89.22433211,-1.307949847,1.548865044,197.0
2013-01-01,Warrington,E06000007,146438.2804,93.25552363,-0.882040583,-0.713210961,140.0
2013-01-01,Wigan,E08000010,107170.8762,93.60860171,-0.079469422,1.599390989,152.0
2013-01-01,Wirral,E08000015,131463.9081,94.6550495,-0.794857312,-0.907626788,253.0
2013-01-02,Knowsley,E08000011,106340.2471,98.84152957,0.901004003,-1.556607657,70.0
2013-01-02,Liverpool,E08000012,105708.0553,94.49385825,0.539765104,-0.780010571,285.0
2013-01-02,Merseyside,E11000002,117748.4516,95.36144565,-0.472782402,-1.005039933,898.0
2013-01-02,Sefton,E08000014,135832.0448,98.52420997,-0.079962819,-1.031407771,199.0
2013-01-02,St Helens,E08000013,104703.7955,94.5288122,-2.498900381,0.923260699,118.0
2013-01-02,Stockport,E08000007,159515.4844,89.64269263,0.468886135,-0.085275568,232.0
2013-01-02,Warrington,E06000007,146057.0814,93.01276671,-0.260313715,-0.650460302,168.0
2013-01-02,Wigan,E08000010,106525.5219,93.04491574,-0.602173267,1.982292872,213.0
2013-01-02,Wirral,E08000015,129545.8148,93.27400717,-1.459026582,-1.911211786,226.0
2013-01-03,Knowsley,E08000011,105485.1657,98.04674535,-0.804099474,-1.81398674,75.0
2013-01-03,Liverpool,E08000012,103704.9459,92.70325171,-1.894944889,-2.890875683,328.0
2013-01-03,Merseyside,E11000002,116961.1293,94.72381355,-0.668647688,-1.322281199,1057.0
2013-01-03,Sefton,E08000014,135796.5974,98.49849859,-0.026096512,-0.320170669,232.0
2013-01-03,St Helens,E08000013,106609.3592,96.24919565,1.819956699,1.66339493,136.0
2013-01-03,Stockport,E08000007,158147.7821,88.87408688,-0.85741038,-0.037180176,258.0
2013-01-03,Warrington,E06000007,143875.8817,91.62372471,-1.493388535,-1.381157979,205.0
2013-01-03,Wigan,E08000010,106994.3356,93.45440196,0.440095218,2.88527873,261.0
2013-01-03,Wirral,E08000015,128246.4316,92.33844106,-1.003029814,-1.755699356,286.0
2013-01-04,Knowsley,E08000011,106350.9031,98.85143411,0.820719497,-2.114424548,67.0
2013-01-04,Liverpool,E08000012,104937.1683,93.80475201,1.188200285,-2.531155815,297.0
2013-01-04,Merseyside,E11000002,116660.9127,94.48067586,-0.256680644,-2.165691167,894.0
2013-01-04,Sefton,E08000014,134785.5588,97.76515341,-0.744524223,-0.90518316,180.0
2013-01-04,St Helens,E08000013,104259.4292,94.1276289,-2.204243611,-0.772094593,111.0
2013-01-04,Stockport,E08000007,158634.8526,89.1478052,0.307984392,0.243314519,277.0
2013-01-04,Warrington,E06000007,144867.2685,92.25506435,0.689056945,-0.206708142,173.0
2013-01-04,Wigan,E08000010,107475.2378,93.87444689,0.44946511,1.734613212,269.0
2013-01-04,Wirral,E08000015,127008.3777,91.44703246,-0.965371078,-3.684606771,239.0
2013-01-05,Knowsley,E08000011,103446.2917,96.1516451,-2.73115816,-2.208347697,97.0
2013-01-05,Liverpool,E08000012,105835.2769,94.60758337,0.855853609,-0.591496931,390.0
2013-01-05,Merseyside,E11000002,116635.6259,94.46019675,-0.021675444,-2.014701091,1215.0
2013-01-05,Sefton,E08000014,131782.629,95.58701283,-2.227931428,-4.326648924,248.0
2013-01-05,St Helens,E08000013,107040.5887,96.63851877,2.667537566,0.22380483,142.0
2013-01-05,Stockport,E08000007,158734.4622,89.20378272,0.062791809,1.371156767,353.0
2013-01-05,Warrington,E06000007,147750.2917,94.09104491,1.990113575,0.773817247,221.0
2013-01-05,Wigan,E08000010,107815.7363,94.17185592,0.316815741,0.811813174,318.0
2013-01-05,Wirral,E08000015,127621.7245,91.88864703,0.482918426,-2.789170856,338.0
2013-01-06,Knowsley,E08000011,104473.115,97.10606066,0.992614904,-1.472338256,106.0
2013-01-06,Liverpool,E08000012,108266.6171,96.78099122,2.297287143,1.837681456,351.0
2013-01-06,Merseyside,E11000002,117979.4161,95.54849788,1.152126681,-0.628682075,1157.0
2013-01-06,Sefton,E08000014,132556.4909,96.14832468,0.587226063,-3.269005791,235.0
2013-01-06,St Helens,E08000013,106580.9869,96.22358053,-0.429371474,1.458835401,148.0
2013-01-06,Stockport,E08000007,161769.5596,90.90941213,1.912059509,2.552733873,316.0
2013-01-06,Warrington,E06000007,148507.12,94.57301191,0.512234721,0.162203946,284.0
2013-01-06,Wigan,E08000010,107503.1378,93.8988162,-0.289937708,-0.200961627,309.0
2013-01-06,Wirral,E08000015,128970.0203,92.85943058,1.056478228,-2.088001782,317.0
2013-01-07,Knowsley,E08000011,104995.8372,97.5919224,0.500341317,-1.142302515,112.0
2013-01-07,Liverpool,E08000012,107993.215,96.53659341,-0.252526665,0.418433248,488.0
2013-01-07,Merseyside,E11000002,118788.1038,96.20343329,0.68544815,-0.80236757,1427.0
2013-01-07,Sefton,E08000014,133182.6756,96.60252053,0.472390809,-2.544174539,275.0
2013-01-07,St Helens,E08000013,107319.0214,96.88989376,0.692463558,0.112639656,178.0
2013-01-07,Stockport,E08000007,164332.7939,92.34986928,1.584497274,3.382309314,368.0
2013-01-07,Warrington,E06000007,149728.7767,95.35099319,0.822625043,-0.063600527,270.0
2013-01-07,Wigan,E08000010,107376.7276,93.78840297,-0.117587452,-1.430263245,300.0
2013-01-07,Wirral,E08000015,131619.6418,94.767179,2.054447682,-1.252657887,374.0
2013-01-08,Knowsley,E08000011,107663.993,100.0719299,2.541201583,0.600646377,115.0
2013-01-08,Liverpool,E08000012,108192.7159,96.71492995,0.184734653,-1.012652711,442.0
2013-01-08,Merseyside,E11000002,120009.5742,97.19267073,1.028276643,-0.465730363,1383.0
2013-01-08,Sefton,E08000014,135959.2288,98.61646141,2.084770531,0.21342637,331.0
2013-01-08,St Helens,E08000013,107550.8959,97.09923495,0.216060908,-0.273986589,154.0
2013-01-08,Stockport,E08000007,164381.0373,92.37698055,0.029357118,3.649954998,439.0
2013-01-08,Warrington,E06000007,151512.2539,96.4867556,1.191138521,1.313878039,256.0
2013-01-08,Wigan,E08000010,106805.443,93.28941341,-0.532037594,-3.197237277,295.0
2013-01-08,Wirral,E08000015,132943.5073,95.72037256,1.005826671,-1.089787971,341.0
2013-01-09,Knowsley,E08000011,108910.5259,101.2305619,1.157799181,1.241463426,103.0
2013-01-09,Liverpool,E08000012,108909.4603,97.35563745,0.662470104,0.248469735,396.0
2013-01-09,Merseyside,E11000002,121159.8061,98.12421405,0.958450177,0.123286385,1282.0
2013-01-09,Sefton,E08000014,137442.7641,99.69252669,1.091161932,-1.705009138,277.0
2013-01-09,St Helens,E08000013,106943.816,96.55115032,-0.56445823,-1.152069115,153.0
2013-01-09,Stockport,E08000007,165625.669,93.07642448,0.757162587,3.771458989,301.0
2013-01-09,Warrington,E06000007,152976.3796,97.41914711,0.966341443,2.865800921,225.0
2013-01-09,Wigan,E08000010,108399.7658,94.68197762,1.492735519,-0.082576107,311.0
2013-01-09,Wirral,E08000015,135384.6466,97.47801206,1.836223005,1.51667565,353.0
2013-01-10,Knowsley,E08000011,107857.0445,100.251368,-0.967290729,2.231096547,115.0
2013-01-10,Liverpool,E08000012,108990.123,97.42774296,0.074064036,2.469963807,395.0
2013-01-10,Merseyside,E11000002,120593.5251,97.66559761,-0.467383553,0.912901311,1455.0
2013-01-10,Sefton,E08000014,136835.7706,99.25225097,-0.44163363,-1.601681686,342.0
2013-01-10,St Helens,E08000013,106764.0505,96.38885421,-0.168093404,-0.393201779,180.0
2013-01-10,Stockport,E08000007,165879.321,93.21896893,0.153147748,3.019274128,399.0
2013-01-10,Warrington,E06000007,152155.1545,96.89617064,-0.536831295,2.727800177,282.0
2013-01-10,Wigan,E08000010,109912.2969,96.00310072,1.395326903,2.739962644,314.0
2013-01-10,Wirral,E08000015,133877.4855,96.39284419,-1.113243751,1.207252809,423.0
2013-01-11,Knowsley,E08000011,106979.9316,99.43610593,-0.813217927,1.80370721,131.0
2013-01-11,Liverpool,E08000012,107764.564,96.3321992,-1.124467967,3.128954145,559.0
2013-01-11,Merseyside,E11000002,120139.8864,97.29820728,-0.376171693,0.926934252,1654.0
2013-01-11,Sefton,E08000014,136621.7219,99.09699319,-0.156427459,-1.946840989,348.0
2013-01-11,St Helens,E08000013,106309.9433,95.97887659,-0.425337167,-1.286345337,206.0
2013-01-11,Stockport,E08000007,166468.7239,93.55019488,0.355320336,3.073732979,468.0
2013-01-11,Warrington,E06000007,151778.4459,96.65627332,-0.247581844,4.024807072,298.0
2013-01-11,Wigan,E08000010,110809.592,96.78684479,0.816373701,3.948845722,408.0
2013-01-11,Wirral,E08000015,134528.6154,96.86166291,0.486362577,1.478456536,410.0
2013-01-12,Knowsley,E08000011,104760.9845,97.37363063,-2.074171427,-0.294376931,123.0
2013-01-12,Liverpool,E08000012,106756.7286,95.43128151,-0.935219684,1.218308286,486.0
2013-01-12,Merseyside,E11000002,119488.9393,96.77102194,-0.541824311,0.812626176,1480.0
2013-01-12,Sefton,E08000014,135738.8314,98.45659874,-0.646229956,0.282822383,339.0
2013-01-12,St Helens,E08000013,107524.0054,97.07495767,1.142002406,0.129914997,183.0
2013-01-12,Stockport,E08000007,165823.2147,93.18743899,-0.387766046,3.075687817,377.0
2013-01-12,Warrington,E06000007,152527.2557,97.13313391,0.493357112,3.239332653,308.0
2013-01-12,Wigan,E08000010,110373.4975,96.40593726,-0.393552996,2.906487503,382.0
2013-01-12,Wirral,E08000015,134109.9725,96.56023672,-0.311192454,1.201912762,349.0
2014-01-01,Knowsley,E08000011,104433.53,97.06926708,-0.312572867,-0.908185572,105.0
2014-01-01,Liverpool,E08000012,107449.5324,96.05058821,0.64895566,2.196097778,429.0
2014-01-01,Merseyside,E11000002,119686.8227,96.93128262,0.165608127,1.16563136,1307.0
2014-01-01,Sefton,E08000014,135726.5747,98.44770849,-0.00902961,-0.157548118,291.0
2014-01-01,St Helens,E08000013,107684.9965,97.22030389,0.149725762,0.277220388,144.0
2014-01-01,Stockport,E08000007,165418.1061,92.95978066,-0.244301517,4.18658057,383.0
2014-01-01,Warrington,E06000007,153119.8839,97.51053421,0.388539197,4.562743762,265.0
2014-01-01,Wigan,E08000010,109620.6634,95.74837287,-0.682078734,2.285870225,274.0
2014-01-01,Wirral,E08000015,133988.8231,96.47300814,-0.090335921,1.92061454,338.0
2014-01-02,Knowsley,E08000011,105898.7734,98.43118693,1.403039184,-0.415152054,110.0
2014-01-02,Liverpool,E08000012,108047.0402,96.58470851,0.556082274,2.212683764,445.0
2014-01-02,Merseyside,E11000002,119758.7065,96.98949941,0.060059865,1.707245259,1318.0
2014-01-02,Sefton,E08000014,135289.5439,98.13071318,-0.321993597,-0.399390966,260.0
2014-01-02,St Helens,E08000013,108787.0091,98.21522424,1.023366843,3.899776114,159.0
2014-01-02,Stockport,E08000007,166589.4029,93.61801266,0.708082559,4.434628085,324.0
2014-01-02,Warrington,E06000007,154965.2947,98.68573756,1.20520655,6.099131388,204.0
2014-01-02,Wigan,E08000010,110238.038,96.28761993,0.56319188,3.485095522,327.0
2014-01-02,Wirral,E08000015,132556.7697,95.44191843,-1.068785692,2.324239448,344.0
2014-01-03,Knowsley,E08000011,106184.014,98.69631343,0.269352125,0.662508552,133.0
2014-01-03,Liverpool,E08000012,108564.9102,97.04763945,0.479300446,4.686338026,460.0
2014-01-03,Merseyside,E11000002,118666.1929,96.10470072,-0.912262358,1.457803603,1501.0
2014-01-03,Sefton,E08000014,132408.4243,96.04092627,-2.129595148,-2.495035308,335.0
2014-01-03,St Helens,E08000013,108473.4383,97.93212586,-0.288242873,1.748513527,219.0
2014-01-03,Stockport,E08000007,167635.246,94.20574363,0.627796895,5.999112833,384.0
2014-01-03,Warrington,E06000007,155443.1049,98.99001891,0.308333666,8.039723575,277.0
2014-01-03,Wigan,E08000010,108732.2212,94.97236138,-1.365968493,1.624278134,333.0
2014-01-03,Wirral,E08000015,129667.4248,93.36156731,-2.179703801,1.108017673,354.0
2014-01-04,Knowsley,E08000011,106872.7602,99.33649183,0.648634564,0.49069366,102.0
2014-01-04,Liverpool,E08000012,111507.2594,99.67784519,2.710221247,6.26097618,350.0
2014-01-04,Merseyside,E11000002,121270.5082,98.21386877,2.194656492,3.951276683,1302.0
2014-01-04,Sefton,E08000014,135185.3776,98.05515739,2.097263327,0.296633288,312.0
2014-01-04,St Helens,E08000013,111354.2589,100.532992,2.655784396,6.804976545,183.0
2014-01-04,Stockport,E08000007,168559.7694,94.72529678,0.551508995,6.256454181,386.0
2014-01-04,Warrington,E06000007,158239.0603,100.7705525,1.798700133,9.230374743,275.0
2014-01-04,Wigan,E08000010,108042.8197,94.37020233,-0.634036091,0.528104776,328.0
2014-01-04,Wirral,E08000015,132212.1486,95.19378853,1.962500489,4.097187152,355.0
2014-01-05,Knowsley,E08000011,107110.2097,99.55719724,0.222179587,3.541855299,138.0
2014-01-05,Liverpool,E08000012,112439.1192,100.5108472,0.835694285,6.239736466,479.0
2014-01-05,Merseyside,E11000002,122261.6835,99.01659625,0.817325989,4.823618468,1622.0
2014-01-05,Sefton,E08000014,137600.9318,99.80725181,1.786845748,4.415075703,329.0
2014-01-05,St Helens,E08000013,111766.8031,100.9054456,0.370478998,4.415347923,222.0
2014-01-05,Stockport,E08000007,171050.6915,96.12511678,1.477767866,7.759014082,481.0
2014-01-05,Warrington,E06000007,158837.9814,101.1519603,0.37849132,7.504343693,287.0
2014-01-05,Wigan,E08000010,107834.0885,94.18788568,-0.193193021,0.017021824,381.0
2014-01-05,Wirral,E08000015,132750.266,95.58123729,0.407010555,4.018548952,454.0
2014-01-06,Knowsley,E08000011,109411.3905,101.6961074,2.148423472,4.726838612,153.0
2014-01-06,Liverpool,E08000012,113845.7261,101.7682321,1.250994222,5.153120318,523.0
2014-01-06,Merseyside,E11000002,124909.2683,101.1608071,2.165506508,5.873780672,1618.0
2014-01-06,Sefton,E08000014,142104.0032,103.0735028,3.272558822,7.202598874,313.0
2014-01-06,St Helens,E08000013,112270.2449,101.3599636,0.450439495,5.337967071,209.0
2014-01-06,Stockport,E08000007,173420.029,97.45661002,1.385166836,7.201892235,403.0
2014-01-06,Warrington,E06000007,158662.3801,101.0401331,-0.110553712,6.838231136,333.0
2014-01-06,Wigan,E08000010,110584.6558,96.59037388,2.550740134,2.866444752,399.0
2014-01-06,Wirral,E08000015,136945.2522,98.60166039,3.160058588,6.183787445,420.0
2014-01-07,Knowsley,E08000011,112063.7598,104.1614415,2.424216734,6.731621757,145.0
2014-01-07,Liverpool,E08000012,111529.8452,99.69803493,-2.034227346,3.274863358,565.0
2014-01-07,Merseyside,E11000002,124705.9871,100.9961749,-0.162743069,4.981882064,1656.0
2014-01-07,Sefton,E08000014,141666.8857,102.7564447,-0.307603945,6.370355667,311.0
2014-01-07,St Helens,E08000013,112452.828,101.5248035,0.162628261,4.783687524,170.0
2014-01-07,Stockport,E08000007,175608.8503,98.68665885,1.262150229,6.861720121,448.0
2014-01-07,Warrington,E06000007,159859.8803,101.8027309,0.754747437,6.766303596,333.0
2014-01-07,Wigan,E08000010,112072.4608,97.88989989,1.345399085,4.373138674,392.0
2014-01-07,Wirral,E08000015,138657.3806,99.83440634,1.250228391,5.347027733,465.0
2014-01-08,Knowsley,E08000011,112202.8977,104.2907679,0.124159623,4.215805634,163.0
2014-01-08,Liverpool,E08000012,112881.464,100.9062652,1.211889757,4.333700349,529.0
2014-01-08,Merseyside,E11000002,125728.5289,101.8243052,0.819962062,4.765415372,1742.0
2014-01-08,Sefton,E08000014,141967.7781,102.9746935,0.212394287,4.41937585,392.0
2014-01-08,St Helens,E08000013,112668.401,101.7194274,0.191700782,4.758217117,200.0
2014-01-08,Stockport,E08000007,177040.5293,99.49121749,0.815265862,7.701309244,491.0
2014-01-08,Warrington,E06000007,159847.5496,101.7948783,-0.007713485,5.501400373,320.0
2014-01-08,Wigan,E08000010,114026.5632,99.59671431,1.743606253,6.761003922,397.0
2014-01-08,Wirral,E08000015,140554.9372,101.200662,1.368521852,5.725311447,458.0
2014-01-09,Knowsley,E08000011,112560.0909,104.6227732,0.31834578,3.350975506,118.0
2014-01-09,Liverpool,E08000012,113013.4304,101.0242318,0.116907092,3.768240274,508.0
2014-01-09,Merseyside,E11000002,125793.637,101.8770346,0.051784697,3.824561136,1598.0
2014-01-09,Sefton,E08000014,142198.0158,103.1416938,0.162176047,3.459805058,374.0
2014-01-09,St Helens,E08000013,111951.4883,101.0721833,-0.636303277,4.682526284,177.0
2014-01-09,Stockport,E08000007,177774.5739,99.9037275,0.414619522,7.335158237,481.0
2014-01-09,Warrington,E06000007,160024.6496,101.90766,0.110793067,4.607423722,242.0
2014-01-09,Wigan,E08000010,114291.3289,99.82797439,0.232196496,5.435033045,342.0
2014-01-09,Wirral,E08000015,140742.8347,101.3359497,0.133682632,3.957751673,421.0
2014-01-10,Knowsley,E08000011,112306.359,104.3869335,-0.225419074,4.125196062,141.0
2014-01-10,Liverpool,E08000012,115552.6417,103.294067,2.246822591,6.021204956,576.0
2014-01-10,Merseyside,E11000002,126392.917,102.3623761,0.476399278,4.809040815,1777.0
2014-01-10,Sefton,E08000014,142920.4825,103.6657266,0.508070842,4.446726029,403.0
2014-01-10,St Helens,E08000013,112381.5549,101.4604566,0.384154456,5.261606691,203.0
2014-01-10,Stockport,E08000007,177499.2801,99.74902105,-0.154855534,7.005067952,498.0
2014-01-10,Warrington,E06000007,159233.4879,101.4038286,-0.494399886,4.652049692,320.0
2014-01-10,Wigan,E08000010,115124.5151,100.5557224,0.72900213,4.742161129,351.0
2014-01-10,Wirral,E08000015,138798.5079,99.93601913,-1.381474775,3.675765538,454.0
2014-01-11,Knowsley,E08000011,111454.6416,103.595276,-0.75838752,4.182756423,138.0
2014-01-11,Liverpool,E08000012,114826.2022,102.644693,-0.628665436,6.552838827,472.0
2014-01-11,Merseyside,E11000002,125817.9598,101.896733,-0.454896703,4.726218331,1457.0
2014-01-11,Sefton,E08000014,141063.7216,102.3189465,-1.29915663,3.251312868,257.0
2014-01-11,St Helens,E08000013,111999.0467,101.1151201,-0.340365627,5.351431157,202.0
2014-01-11,Stockport,E08000007,175529.0528,98.64181517,-1.109991723,5.442661336,388.0
2014-01-11,Warrington,E06000007,157546.999,100.3298308,-1.059129501,3.8006405,294.0
2014-01-11,Wigan,E08000010,114680.0583,100.1675108,-0.386066216,3.492898227,314.0
2014-01-11,Wirral,E08000015,139527.9893,100.4612515,0.525568586,3.716215932,388.0
2014-01-12,Knowsley,E08000011,110601.9045,102.8026708,-0.765097901,5.575472627,122.0
2014-01-12,Liverpool,E08000012,112654.3345,100.7032311,-1.89143911,5.52434117,519.0
2014-01-12,Merseyside,E11000002,124926.0713,101.1744155,-0.70887211,4.550322442,1594.0
2014-01-12,Sefton,E08000014,139429.7833,101.1337882,-1.158297958,2.719156982,345.0
2014-01-12,St Helens,E08000013,112577.4884,101.6373496,0.516470227,4.699864956,222.0
2014-01-12,Stockport,E08000007,174620.5925,98.13128899,-0.517555535,5.305275107,445.0
2014-01-12,Warrington,E06000007,158149.2652,100.7133688,0.382277167,3.685904862,329.0
2014-01-12,Wigan,E08000010,114856.5718,100.3216868,0.153918226,4.061730718,389.0
2014-01-12,Wirral,E08000015,140289.2964,101.0093986,0.545630389,4.607654251,386.0
2015-01-01,Knowsley,E08000011,107586.6061,100.0,-2.726262588,3.019218139,104.0
2015-01-01,Liverpool,E08000012,111867.6464,100.0,-0.698320279,4.111803852,352.0
2015-01-01,Merseyside,E11000002,123475.9507,100.0,-1.160783052,3.165868956,1125.0
2015-01-01,Sefton,E08000014,137866.6673,100.0,-1.121077572,1.576767536,253.0
2015-01-01,St Helens,E08000013,110763.8963,100.0,-1.610972333,2.859172419,126.0
2015-01-01,Stockport,E08000007,177945.8868,100.0,1.904296809,7.573403557,315.0
2015-01-01,Warrington,E06000007,157029.0688,100.0,-0.708315915,2.553022407,195.0
2015-01-01,Wigan,E08000010,114488.2781,100.0,-0.320655324,4.440417113,252.0
2015-01-01,Wirral,E08000015,138887.3693,100.0,-0.999311537,3.655936438,290.0
2015-01-02,Knowsley,E08000011,108200.4529,100.5705606,0.570560589,2.173471359,91.0
2015-01-02,Liverpool,E08000012,113611.3913,101.558757,1.558757032,5.149933772,346.0
2015-01-02,Merseyside,E11000002,123652.2181,100.1427545,0.142754457,3.251130343,1151.0
2015-01-02,Sefton,E08000014,138644.0818,100.5638886,0.56388863,2.479524887,241.0
2015-01-02,St Helens,E08000013,108619.3858,98.06389034,-1.936109662,-0.154083956,154.0
2015-01-02,Stockport,E08000007,179248.77,100.7321794,0.732179448,7.599143143,322.0
2015-01-02,Warrington,E06000007,156876.4121,99.90278442,-0.097215578,1.233255072,213.0
2015-01-02,Wigan,E08000010,113411.1279,99.05916121,-0.940838785,2.878398376,298.0
2015-01-02,Wirral,E08000015,137537.2393,99.02789579,-0.972104214,3.757235197,319.0
2015-01-03,Knowsley,E08000011,108157.6955,100.5308182,-0.039516882,1.858736916,138.0
2015-01-03,Liverpool,E08000012,113861.2661,101.7821236,0.219938229,4.878515482,446.0
2015-01-03,Merseyside,E11000002,122923.2166,99.55235489,-0.589557949,3.587393899,1406.0
2015-01-03,Sefton,E08000014,137810.844,99.9595092,-0.600990511,4.080117805,272.0
2015-01-03,St Helens,E08000013,108994.1533,98.40223844,0.345028224,0.480039186,189.0
2015-01-03,Stockport,E08000007,179875.489,101.0843758,0.349636377,7.301712073,356.0
2015-01-03,Warrington,E06000007,157042.5506,100.0085855,0.105904072,1.028958919,267.0
2015-01-03,Wigan,E08000010,112585.7062,98.33819507,-0.727813702,3.544013902,305.0
2015-01-03,Wirral,E08000015,134490.6966,96.83436103,-2.215067522,3.71972517,361.0
2015-01-04,Knowsley,E08000011,110219.9074,102.4476107,1.906671468,3.131899246,120.0
2015-01-04,Liverpool,E08000012,114809.8526,102.6300778,0.833107242,2.961774112,417.0
2015-01-04,Merseyside,E11000002,124085.3794,100.4935607,0.945437971,2.321150679,1331.0
2015-01-04,Sefton,E08000014,137937.2385,100.051188,0.091715902,2.035620181,281.0
2015-01-04,St Helens,E08000013,110062.9884,99.36720547,0.980635241,-1.159605903,182.0
2015-01-04,Stockport,E08000007,178628.3462,100.3835207,-0.693336696,5.97329766,383.0
2015-01-04,Warrington,E06000007,158373.8234,100.856373,0.847714696,0.085164268,244.0
2015-01-04,Wigan,E08000010,113292.6666,98.95569095,0.627930874,4.85904291,323.0
2015-01-04,Wirral,E08000015,136429.938,98.2306301,1.441914888,3.190167781,331.0
2015-01-05,Knowsley,E08000011,110248.0727,102.4737899,0.025553791,2.929564874,126.0
2015-01-05,Liverpool,E08000012,113627.8966,101.5735114,-1.029490015,1.057263156,488.0
2015-01-05,Merseyside,E11000002,124631.5498,100.9358901,0.440156958,1.938355669,1603.0
2015-01-05,Sefton,E08000014,139266.2531,101.0151734,0.963492287,1.210254384,334.0
2015-01-05,St Helens,E08000013,112569.7574,101.6303698,2.277576738,0.71841933,225.0
2015-01-05,Stockport,E08000007,179422.9284,100.8300509,0.444824233,4.894593965,419.0
2015-01-05,Warrington,E06000007,161320.8866,102.7331358,1.860827206,1.563168457,291.0
2015-01-05,Wigan,E08000010,115021.3278,100.4655933,1.525836806,6.665090291,382.0
2015-01-05,Wirral,E08000015,137737.3448,99.17197334,0.958299095,3.756737352,430.0
2015-01-06,Knowsley,E08000011,109902.771,102.1528376,-0.313204297,0.449112739,140.0
2015-01-06,Liverpool,E08000012,115462.2223,103.2132399,1.614326868,1.41990061,539.0
2015-01-06,Merseyside,E11000002,126115.1229,102.1373978,1.190367205,0.965384453,1607.0
2015-01-06,Sefton,E08000014,140681.5019,102.0417078,1.016218027,-1.001028347,327.0
2015-01-06,St Helens,E08000013,113381.8096,102.3635078,0.721376858,0.990079494,207.0
2015-01-06,Stockport,E08000007,182653.2892,102.6454123,1.800416955,5.324217883,410.0
2015-01-06,Warrington,E06000007,164561.2999,104.7967113,2.008675645,3.717907082,365.0
2015-01-06,Wigan,E08000010,115913.9888,101.2452897,0.776082957,4.819233618,409.0
2015-01-06,Wirral,E08000015,139842.0286,100.6873622,1.528041505,2.115280667,394.0
2015-01-07,Knowsley,E08000011,111218.589,103.375869,1.197256426,-0.754187401,158.0
2015-01-07,Liverpool,E08000012,116093.6681,103.7776978,0.546885188,4.092019347,552.0
2015-01-07,Merseyside,E11000002,127047.8048,102.8927529,0.739548033,1.877871142,1866.0
2015-01-07,Sefton,E08000014,141644.8436,102.7404567,0.684767888,-0.015559095,405.0
2015-01-07,St Helens,E08000013,113294.9577,102.2850961,-0.076601251,0.748873689,240.0
2015-01-07,Stockport,E08000007,183664.8666,103.213887,0.553823804,4.587477387,510.0
2015-01-07,Warrington,E06000007,167201.1188,106.4778133,1.60415531,4.592295725,347.0
2015-01-07,Wigan,E08000010,115464.2751,100.8524864,-0.387971848,3.026447616,461.0
2015-01-07,Wirral,E08000015,141579.2541,101.9381783,1.242277081,2.107261423,511.0
2015-01-08,Knowsley,E08000011,113587.3451,105.5775892,2.129820248,1.233878409,146.0
2015-01-08,Liverpool,E08000012,116299.2248,103.9614477,0.1770611,3.027743155,531.0
2015-01-08,Merseyside,E11000002,127833.499,103.5290665,0.618424084,1.674218417,1718.0
2015-01-08,Sefton,E08000014,142889.369,103.6431588,0.878623821,0.649154964,366.0
2015-01-08,St Helens,E08000013,112207.0864,101.3029427,-0.960211601,-0.409444557,199.0
2015-01-08,Stockport,E08000007,185294.4359,104.1296538,0.88725151,4.662156528,477.0
2015-01-08,Warrington,E06000007,166415.061,105.9772323,-0.470127119,4.10860938,327.0
2015-01-08,Wigan,E08000010,116638.3366,101.8779726,1.016817946,2.290495549,404.0
2015-01-08,Wirral,E08000015,143289.7752,103.169767,1.208172176,1.945743173,476.0
2015-01-09,Knowsley,E08000011,114201.9623,106.1488659,0.541096586,1.458662099,125.0
2015-01-09,Liverpool,E08000012,118274.8813,105.7275138,1.698770156,4.655597891,616.0
2015-01-09,Merseyside,E11000002,128783.6532,104.2985719,0.74327481,2.376921691,1735.0
2015-01-09,Sefton,E08000014,144168.801,104.5711801,0.895400413,1.385944197,362.0
2015-01-09,St Helens,E08000013,112643.7011,101.6971278,0.389115147,0.618315014,179.0
2015-01-09,Stockport,E08000007,185211.3539,104.0829643,-0.044837798,4.18326417,459.0
2015-01-09,Warrington,E06000007,167037.4783,106.373603,0.374014992,4.382342788,262.0
2015-01-09,Wigan,E08000010,118543.8255,103.5423254,1.633672887,3.720751689,381.0
2015-01-09,Wirral,E08000015,143015.7067,102.9724355,-0.191268715,1.614911372,453.0
2015-01-10,Knowsley,E08000011,113725.1121,105.7056433,-0.417536959,1.263285762,166.0
2015-01-10,Liverpool,E08000012,116550.3939,104.1859665,-1.458021081,0.863455482,527.0
2015-01-10,Merseyside,E11000002,128640.814,104.1828892,-0.110904736,1.77849681,1808.0
2015-01-10,Sefton,E08000014,144589.4881,104.8763194,0.291807043,1.167783639,383.0
2015-01-10,St Helens,E08000013,112864.2297,101.896229,0.1957958,0.429497586,253.0
2015-01-10,Stockport,E08000007,186527.6901,104.8227056,0.710722193,5.086449604,552.0
2015-01-10,Warrington,E06000007,164742.249,104.9119474,-1.374062659,3.459553348,288.0
2015-01-10,Wigan,E08000010,119880.572,104.709911,1.127647231,4.131228833,458.0
2015-01-10,Wirral,E08000015,144568.6205,104.0905464,1.085837201,4.157186188,479.0
2015-01-11,Knowsley,E08000011,112036.1651,104.1357946,-1.485113468,0.521756776,138.0
2015-01-11,Liverpool,E08000012,118543.9607,105.9680427,1.710476262,3.237721192,530.0
2015-01-11,Merseyside,E11000002,129038.782,104.5051932,0.309363694,2.559904624,1691.0
2015-01-11,Sefton,E08000014,145596.8691,105.6070117,0.696718045,3.213543843,380.0
2015-01-11,St Helens,E08000013,112276.2864,101.3654212,-0.520929769,0.247539892,217.0
2015-01-11,Stockport,E08000007,187732.5632,105.4998064,0.645948621,6.952417339,461.0
2015-01-11,Warrington,E06000007,166915.4381,106.295888,1.31914493,5.946445325,307.0
2015-01-11,Wigan,E08000010,119100.4971,104.0285531,-0.650710019,3.85458451,448.0
2015-01-11,Wirral,E08000015,143671.8593,103.4448712,-0.620301444,2.969920087,426.0
2015-01-12,Knowsley,E08000011,114663.5229,106.5778809,2.345097868,3.672285877,152.0
2015-01-12,Liverpool,E08000012,117760.713,105.267887,-0.660723395,4.532779934,561.0
2015-01-12,Merseyside,E11000002,129499.4067,104.8782414,0.356966125,3.660831944,1734.0
2015-01-12,Sefton,E08000014,147298.4484,106.8412326,1.168692197,5.643458612,369.0
2015-01-12,St Helens,E08000013,112023.7302,101.1374081,-0.224941701,-0.491888575,234.0
2015-01-12,Stockport,E08000007,187353.6157,105.2868498,-0.201854947,7.291823121,385.0
2015-01-12,Warrington,E06000007,168266.0332,107.1559805,0.809149305,6.396976678,307.0
2015-01-12,Wigan,E08000010,118118.2528,103.17061,-0.824718899,2.839786457,400.0
2015-01-12,Wirral,E08000015,144399.9133,103.9690759,0.50674783,2.930100748,418.0
2016-01-01,Knowsley,E08000011,115224.6026,107.0993954,0.489327144,7.099395389,117.0
2016-01-01,Liverpool,E08000012,117071.6108,104.6518893,-0.585171545,4.651889314,393.0
2016-01-01,Merseyside,E11000002,129131.3037,104.5801242,-0.284250771,4.580124154,1279.0
2016-01-01,Sefton,E08000014,147710.0703,107.1397978,0.279447583,7.139797816,276.0
2016-01-01,St Helens,E08000013,111724.7238,100.8674588,-0.266913429,0.867458769,141.0
2016-01-01,Stockport,E08000007,189018.0729,106.2222225,0.888404086,6.22222249,315.0
2016-01-01,Warrington,E06000007,167968.1643,106.9662902,-0.177022586,6.966290179,205.0
2016-01-01,Wigan,E08000010,117841.5334,102.9289089,-0.23427322,2.92890886,308.0
2016-01-01,Wirral,E08000015,143457.431,103.2904811,-0.652689014,3.290481141,352.0
2016-01-02,Knowsley,E08000011,115722.5216,107.562203,0.432129074,6.951977291,122.0
2016-01-02,Liverpool,E08000012,115933.0679,103.6341305,-0.972518349,2.043523332,441.0
2016-01-02,Merseyside,E11000002,129093.8719,104.5498091,-0.028987388,4.400773426,1393.0
2016-01-02,Sefton,E08000014,147984.0236,107.3385066,0.185466869,6.736631691,285.0
2016-01-02,St Helens,E08000013,112717.8613,101.7640844,0.888914697,3.773250657,171.0
2016-01-02,Stockport,E08000007,189336.6781,106.4012686,0.168558079,5.627882695,426.0
2016-01-02,Warrington,E06000007,167433.9194,106.6260698,-0.318063209,6.729829287,260.0
2016-01-02,Wigan,E08000010,118444.0486,103.4551769,0.511292711,4.437766938,336.0
2016-01-02,Wirral,E08000015,143851.2503,103.5740341,0.274519973,4.590763809,374.0
2016-01-03,Knowsley,E08000011,111639.348,103.7669595,-3.528417421,3.219055365,215.0
2016-01-03,Liverpool,E08000012,114190.2029,102.0761599,-1.503337318,0.288893747,820.0
2016-01-03,Merseyside,E11000002,127448.375,103.2171635,-1.274651393,3.681290094,2469.0
2016-01-03,Sefton,E08000014,145693.379,105.677014,-1.547899911,5.719822174,507.0
2016-01-03,St Helens,E08000013,111745.6227,100.8863267,-0.862541743,2.52442682,320.0
2016-01-03,Stockport,E08000007,189946.224,106.7438143,0.321937564,5.598727181,648.0
2016-01-03,Warrington,E06000007,164834.3511,104.9706003,-1.552593552,4.961591737,508.0
2016-01-03,Wigan,E08000010,117317.3594,102.4710681,-0.95124169,4.202713931,602.0
2016-01-03,Wirral,E08000015,143424.338,103.2666539,-0.296773413,6.642571253,607.0
2016-01-04,Knowsley,E08000011,111601.1078,103.7314159,-0.034253331,1.25313413,117.0
2016-01-04,Liverpool,E08000012,117608.5744,105.1318883,2.993576906,2.437706243,379.0
2016-01-04,Merseyside,E11000002,129580.9578,104.9442875,1.673291467,4.428871017,1249.0
2016-01-04,Sefton,E08000014,146572.6495,106.3147827,0.603507477,6.260391547,266.0
2016-01-04,St Helens,E08000013,114742.8637,103.5922997,2.682199942,4.25200494,185.0
2016-01-04,Stockport,E08000007,189910.4571,106.7237144,-0.018829989,6.31597004,364.0
2016-01-04,Warrington,E06000007,167603.5199,106.7340756,1.679970664,5.827796842,245.0
2016-01-04,Wigan,E08000010,119108.3979,104.0354541,1.526661123,5.133369667,271.0
2016-01-04,Wirral,E08000015,145048.8308,104.4363016,1.132647953,6.31744902,302.0
2016-01-05,Knowsley,E08000011,112338.5453,104.416852,0.660779727,1.896157192,152.0
2016-01-05,Liverpool,E08000012,118896.8352,106.2834819,1.095379978,4.63701573,429.0
2016-01-05,Merseyside,E11000002,130388.9376,105.5986495,0.623532762,4.619529266,1381.0
2016-01-05,Sefton,E08000014,147500.7939,106.9880016,0.633231666,5.912804293,296.0
2016-01-05,St Helens,E08000013,116596.1689,105.2655031,1.615181173,3.576820009,158.0
2016-01-05,Stockport,E08000007,193832.329,108.9276833,2.065116338,8.030971215,356.0
2016-01-05,Warrington,E06000007,169325.5562,107.830711,1.027446375,4.961960167,244.0
2016-01-05,Wigan,E08000010,119530.6011,104.4042282,0.3544697,3.920381689,335.0
2016-01-05,Wirral,E08000015,144505.9574,104.0454285,-0.374269392,4.914145561,346.0
2016-01-06,Knowsley,E08000011,115113.3646,106.9960015,2.470050928,4.741099186,152.0
2016-01-06,Liverpool,E08000012,119707.6011,107.0082365,0.68190705,3.676859755,523.0
2016-01-06,Merseyside,E11000002,132242.4358,107.0997501,1.421514983,4.858510631,1616.0
2016-01-06,Sefton,E08000014,149876.9295,108.7115041,1.61093071,6.53634591,389.0
2016-01-06,St Helens,E08000013,120077.9615,108.4089396,2.986198172,5.9058479,196.0
2016-01-06,Stockport,E08000007,197146.9133,110.7903756,1.710026527,7.935049201,396.0
2016-01-06,Warrington,E06000007,172965.3544,110.1486247,2.149585874,5.106951741,278.0
2016-01-06,Wigan,E08000010,122313.6119,106.8350542,2.328283074,5.521011971,419.0
2016-01-06,Wirral,E08000015,146066.0584,105.1687135,1.079610164,4.450758584,356.0
2016-01-07,Knowsley,E08000011,117765.6483,109.461256,2.304062328,5.886669022,151.0
2016-01-07,Liverpool,E08000012,120614.1438,107.8186073,0.757297564,3.893824698,456.0
2016-01-07,Merseyside,E11000002,133887.7501,108.4322479,1.24416512,5.383762498,1696.0
2016-01-07,Sefton,E08000014,153473.2086,111.3200238,2.399488135,8.350723905,405.0
2016-01-07,St Helens,E08000013,121042.3629,109.2796217,0.803146063,6.838271231,234.0
2016-01-07,Stockport,E08000007,199730.1491,112.242073,1.31031005,8.747066671,539.0
2016-01-07,Warrington,E06000007,175248.8998,111.602843,1.320232826,4.813245373,303.0
2016-01-07,Wigan,E08000010,123580.8355,107.9419131,1.036044694,7.029504822,491.0
2016-01-07,Wirral,E08000015,147113.0487,105.9225547,0.716792276,3.908621133,450.0
2016-01-08,Knowsley,E08000011,119128.5157,110.7280192,1.157270825,4.878345253,145.0
2016-01-08,Liverpool,E08000012,120194.2138,107.4432261,-0.34815987,3.349119283,584.0
2016-01-08,Merseyside,E11000002,134926.1153,109.2731932,0.775549097,5.54833097,1799.0
2016-01-08,Sefton,E08000014,154654.975,112.1772044,0.77001481,8.234072033,370.0
2016-01-08,St Helens,E08000013,124327.075,112.2451297,2.713687991,10.80146194,211.0
2016-01-08,Stockport,E08000007,201595.3874,113.2902784,0.933879199,8.797324506,469.0
2016-01-08,Warrington,E06000007,176005.7842,112.0848458,0.431891137,5.763149008,326.0
2016-01-08,Wigan,E08000010,123371.2427,107.7588439,-0.169599761,5.772471121,391.0
2016-01-08,Wirral,E08000015,148642.4807,107.0237579,1.039630453,3.735582967,489.0
2016-01-09,Knowsley,E08000011,120016.4646,111.5533532,0.745370523,5.091434316,162.0
2016-01-09,Liverpool,E08000012,120755.0209,107.9445392,0.466584139,2.096941329,653.0
2016-01-09,Merseyside,E11000002,135778.7678,109.9637345,0.631940275,5.431688805,1745.0
2016-01-09,Sefton,E08000014,155408.8073,112.723988,0.487428403,7.796426441,316.0
2016-01-09,St Helens,E08000013,124709.9883,112.5908319,0.30798864,10.71192837,215.0
2016-01-09,Stockport,E08000007,203414.8519,114.3127603,0.902532783,9.828501186,423.0
2016-01-09,Warrington,E06000007,174901.5011,111.3816109,-0.627412998,4.707957953,277.0
2016-01-09,Wigan,E08000010,123254.4572,107.6568374,-0.094661845,3.973755379,388.0
2016-01-09,Wirral,E08000015,150213.5894,108.1549685,1.056971527,5.032934459,399.0
2016-01-10,Knowsley,E08000011,120560.3651,112.0588999,0.453188246,6.010328647,145.0
2016-01-10,Liverpool,E08000012,118086.5829,105.5591865,-2.209794645,1.318047072,504.0
2016-01-10,Merseyside,E11000002,134068.5881,108.578704,-1.259533932,4.219325078,1605.0
2016-01-10,Sefton,E08000014,153710.4946,111.4921365,-1.09280336,6.30820863,341.0
2016-01-10,St Helens,E08000013,123978.9746,111.9308572,-0.586170949,9.847889649,200.0
2016-01-10,Stockport,E08000007,202975.4316,114.0658199,-0.216021723,8.817855119,373.0
2016-01-10,Warrington,E06000007,175734.2438,111.9119221,0.476120983,6.6722379,288.0
2016-01-10,Wigan,E08000010,123627.8932,107.9830157,0.302979698,3.125878634,409.0
2016-01-10,Wirral,E08000015,148481.1718,106.9076141,-1.153302877,2.70636271,415.0
2016-01-11,Knowsley,E08000011,120388.8209,111.8994524,-0.142289025,7.455321029,158.0
2016-01-11,Liverpool,E08000012,118922.7102,106.3066119,0.708062854,0.319501272,550.0
2016-01-11,Merseyside,E11000002,133690.7872,108.2727327,-0.28179675,3.605121775,1720.0
2016-01-11,Sefton,E08000014,151364.8843,109.790775,-1.525992313,3.961634075,365.0
2016-01-11,St Helens,E08000013,122676.0864,110.754582,-1.050894434,9.26268615,213.0
2016-01-11,Stockport,E08000007,201464.441,113.2166906,-0.74442044,7.314595613,453.0
2016-01-11,Warrington,E06000007,173628.279,110.5707915,-1.198380474,4.021701628,245.0
2016-01-11,Wigan,E08000010,125176.5682,109.3357088,1.252690559,5.101633641,427.0
2016-01-11,Wirral,E08000015,148398.9303,106.8483996,-0.055388468,3.290185743,434.0
2016-01-12,Knowsley,E08000011,121132.6017,112.5907845,0.61781549,5.641793207,149.0
2016-01-12,Liverpool,E08000012,119321.0906,106.6627295,0.334991014,1.325040836,715.0
2016-01-12,Merseyside,E11000002,133862.1567,108.4115205,0.128183483,3.36893435,1900.0
2016-01-12,Sefton,E08000014,151275.0051,109.7255822,-0.059379162,2.699659619,336.0
2016-01-12,St Helens,E08000013,123031.7988,111.0757267,0.289960648,9.826550654,242.0
2016-01-12,Stockport,E08000007,199968.3758,112.3759489,-0.742595158,6.733128722,424.0
2016-01-12,Warrington,E06000007,175764.4259,111.9311428,1.23029899,4.45627237,298.0
2016-01-12,Wigan,E08000010,126247.1347,110.2707972,0.855245184,6.88198624,467.0
2016-01-12,Wirral,E08000015,148127.1293,106.6527007,-0.183155669,2.581176029,458.0
2017-01-01,Knowsley,E08000011,121538.3406,112.9679122,0.334954295,5.479505082,121.0
2017-01-01,Liverpool,E08000012,120121.7068,107.3784111,0.670976284,2.605324995,611.0
2017-01-01,Merseyside,E11000002,133878.3182,108.4246092,0.012073237,3.67611448,1509.0
2017-01-01,Sefton,E08000014,149740.9584,108.612879,-1.014078141,1.374915069,258.0
2017-01-01,St Helens,E08000013,122208.3336,110.3322848,-0.669310867,9.383428677,174.0
2017-01-01,Stockport,E08000007,199909.8862,112.3430796,-0.029249423,5.762313186,315.0
2017-01-01,Warrington,E06000007,173674.4099,110.6001688,-1.189100693,3.397218541,201.0
2017-01-01,Wigan,E08000010,125706.0956,109.7982255,-0.428555607,6.673845748,329.0
2017-01-01,Wirral,E08000015,148600.2251,106.9933335,0.319385013,3.584892144,345.0
2017-01-02,Knowsley,E08000011,123411.6881,114.7091583,1.541363396,6.644485734,135.0
2017-01-02,Liverpool,E08000012,120164.6511,107.4167997,0.035750681,3.650022586,495.0
2017-01-02,Merseyside,E11000002,133874.9878,108.421912,-0.00248768,3.703596314,1431.0
2017-01-02,Sefton,E08000014,149474.9592,108.4199396,-0.177639542,1.007497691,249.0
2017-01-02,St Helens,E08000013,120952.3795,109.1983828,-1.027715562,7.305424469,194.0
2017-01-02,Stockport,E08000007,200349.3227,112.5900291,0.219817274,5.81643487,399.0
2017-01-02,Warrington,E06000007,176858.6422,112.6279669,1.833449345,5.628920902,249.0
2017-01-02,Wigan,E08000010,125654.5932,109.7532407,-0.040970434,6.087722219,321.0
2017-01-02,Wirral,E08000015,148710.504,107.0727351,0.074211762,3.377971138,358.0
2017-01-03,Knowsley,E08000011,125872.6931,116.9966224,1.994142595,12.74939826,176.0
2017-01-03,Liverpool,E08000012,119281.6442,106.6274679,-0.7348308,4.458737478,664.0
2017-01-03,Merseyside,E11000002,134008.4837,108.5300269,0.099716887,5.147267421,1839.0
2017-01-03,Sefton,E08000014,150526.5647,109.1827095,0.703532868,3.317368085,315.0
2017-01-03,St Helens,E08000013,121323.4948,109.5334335,0.306827562,8.571138476,237.0
2017-01-03,Stockport,E08000007,200872.6834,112.8841414,0.261224087,5.752396197,427.0
2017-01-03,Warrington,E06000007,175924.9731,112.0333832,-0.527918328,6.728343855,284.0
2017-01-03,Wigan,E08000010,125108.2517,109.2760376,-0.434796316,6.640869116,439.0
2017-01-03,Wirral,E08000015,148547.7759,106.9555696,-0.109426105,3.572223474,447.0
2017-01-04,Knowsley,E08000011,124212.4628,115.4534653,-1.318970038,9.590614671,124.0
2017-01-04,Liverpool,E08000012,120670.5761,107.8690528,1.164417489,1.572830617,462.0
2017-01-04,Merseyside,E11000002,135282.5875,109.5618908,0.950766528,3.573339943,1416.0
2017-01-04,Sefton,E08000014,152736.8717,110.7859303,1.46838642,3.512954439,276.0
2017-01-04,St Helens,E08000013,123026.0939,111.0705762,1.403358248,4.68961087,199.0
2017-01-04,Stockport,E08000007,204294.0708,114.8068537,1.703261647,7.588307077,408.0
2017-01-04,Warrington,E06000007,179397.9811,114.2450808,1.974142643,5.798712659,231.0
2017-01-04,Wigan,E08000010,125922.0806,109.986878,0.650502163,5.418273974,332.0
2017-01-04,Wirral,E08000015,149838.6537,107.8850119,0.868999628,3.626565729,355.0
2017-01-05,Knowsley,E08000011,124186.9032,115.4297082,-0.020577257,9.470067299,164.0
2017-01-05,Liverpool,E08000012,121191.0234,108.3342877,0.431295965,1.334261004,680.0
2017-01-05,Merseyside,E11000002,135942.2828,110.0961611,0.487642429,3.772144765,1863.0
2017-01-05,Sefton,E08000014,155063.7113,112.4736766,1.523430156,4.84791718,354.0
2017-01-05,St Helens,E08000013,123790.9,111.7610595,0.621661718,4.810526692,245.0
2017-01-05,Stockport,E08000007,207186.1063,116.4320869,1.415623796,6.80053677,402.0
2017-01-05,Warrington,E06000007,178224.773,113.4979528,-0.653969533,4.61952149,258.0
2017-01-05,Wigan,E08000010,127321.6828,111.2093632,1.111482767,6.306602484,432.0
2017-01-05,Wirral,E08000015,149554.7292,107.680584,-0.18948683,3.538421752,420.0
2017-01-06,Knowsley,E08000011,123379.5493,114.6792858,-0.650112017,7.180914123,185.0
2017-01-06,Liverpool,E08000012,123980.3714,110.8277234,2.301612733,3.569343063,628.0
2017-01-06,Merseyside,E11000002,137862.0576,111.6509374,1.412198472,4.249487602,1995.0
2017-01-06,Sefton,E08000014,156407.6601,113.4484944,0.866707508,4.357398676,409.0
2017-01-06,St Helens,E08000013,125276.1097,113.1019384,1.199772922,4.328981229,242.0
2017-01-06,Stockport,E08000007,210741.5031,118.4301083,1.716040154,6.895664508,471.0
2017-01-06,Warrington,E06000007,179332.7806,114.2035595,0.621691157,3.68133151,299.0
2017-01-06,Wigan,E08000010,128957.4082,112.6380906,1.28471869,5.431774414,512.0
2017-01-06,Wirral,E08000015,151958.827,109.4115533,1.607503677,4.034318703,531.0
2017-01-07,Knowsley,E08000011,125657.7202,116.7968086,1.846473689,6.701512157,167.0
2017-01-07,Liverpool,E08000012,127060.4198,113.5810202,2.484303248,5.344547919,530.0
2017-01-07,Merseyside,E11000002,140118.4647,113.4783435,1.636713599,4.653688455,1800.0
2017-01-07,Sefton,E08000014,158224.0794,114.7660132,1.161336519,3.095573213,385.0
2017-01-07,St Helens,E08000013,125436.7104,113.2469321,0.128197353,3.630424552,224.0
2017-01-07,Stockport,E08000007,211478.8798,118.8444908,0.349896266,5.882302002,473.0
2017-01-07,Warrington,E06000007,180406.1789,114.8871262,0.598551081,2.94283218,301.0
2017-01-07,Wigan,E08000010,128631.3261,112.3532736,-0.252860361,4.08679355,420.0
2017-01-07,Wirral,E08000015,154555.0103,111.2808257,1.708478093,5.058669818,494.0
2017-01-08,Knowsley,E08000011,125900.4954,117.0224642,0.193203593,5.684606198,176.0
2017-01-08,Liverpool,E08000012,127215.97,113.7200686,0.122422222,5.842012469,598.0
2017-01-08,Merseyside,E11000002,141500.0573,114.5972598,0.986017544,4.872256347,1966.0
2017-01-08,Sefton,E08000014,160361.7823,116.3165713,1.351060424,3.690028128,432.0
2017-01-08,St Helens,E08000013,127080.1308,114.7306471,1.310159094,2.214368928,237.0
2017-01-08,Stockport,E08000007,211711.2878,118.9750968,0.109896553,5.017922469,497.0
2017-01-08,Warrington,E06000007,184244.384,117.3313903,2.127535265,4.680869839,304.0
2017-01-08,Wigan,E08000010,128427.857,112.1755531,-0.15818006,4.098700144,454.0
2017-01-08,Wirral,E08000015,157372.2459,113.3092576,1.82280446,5.87299603,523.0
2017-01-09,Knowsley,E08000011,125010.3737,116.1951105,-0.707004174,4.161026037,195.0
2017-01-09,Liverpool,E08000012,129597.0083,115.8485108,1.871650446,7.322256342,666.0
2017-01-09,Merseyside,E11000002,142182.8147,115.1502075,0.482513893,4.716533604,1895.0
2017-01-09,Sefton,E08000014,160229.0025,116.220261,-0.082800181,3.101625988,349.0
2017-01-09,St Helens,E08000013,126102.7931,113.8482857,-0.76907205,1.116838411,234.0
2017-01-09,Stockport,E08000007,212055.6906,119.1686403,0.162675692,4.247889721,519.0
2017-01-09,Warrington,E06000007,185272.3955,117.9860535,0.557960801,5.929563911,303.0
2017-01-09,Wigan,E08000010,127659.5795,111.5044997,-0.598217171,3.574008913,490.0
2017-01-09,Wirral,E08000015,157919.2245,113.7030865,0.347569948,5.129786833,451.0
2017-01-10,Knowsley,E08000011,124994.2464,116.1801205,-0.012900766,3.677733165,183.0
2017-01-10,Liverpool,E08000012,129123.6747,115.4253915,-0.365234955,9.346613559,530.0
2017-01-10,Merseyside,E11000002,142078.6566,115.0658525,-0.073256495,5.974608089,1816.0
2017-01-10,Sefton,E08000014,162459.3765,117.8380371,1.391991448,5.691795295,387.0
2017-01-10,St Helens,E08000013,125326.3869,113.1473297,-0.615693084,1.086810547,245.0
2017-01-10,Stockport,E08000007,210599.1916,118.3501337,-0.686847373,3.756001331,479.0
2017-01-10,Warrington,E06000007,185443.9792,118.0953223,0.092611624,5.525239194,262.0
2017-01-10,Wigan,E08000010,129112.1348,112.7732368,1.137834949,4.436090034,426.0
2017-01-10,Wirral,E08000015,156818.8782,112.9108285,-0.696777936,5.615330317,471.0
2017-01-11,Knowsley,E08000011,123808.6598,115.0781371,-0.948512881,2.840667494,170.0
2017-01-11,Liverpool,E08000012,129387.8874,115.6615748,0.20461984,8.799986137,666.0
2017-01-11,Merseyside,E11000002,141948.1137,114.9601292,-0.091880725,6.176439607,1934.0
2017-01-11,Sefton,E08000014,162230.8253,117.6722601,-0.140682047,7.178643779,422.0
2017-01-11,St Helens,E08000013,124294.5196,112.215738,-0.823343984,1.319277016,233.0
2017-01-11,Stockport,E08000007,211933.7374,119.1001065,0.633689904,5.196597612,433.0
2017-01-11,Warrington,E06000007,182995.6892,116.5361905,-1.320231617,5.395095872,293.0
2017-01-11,Wigan,E08000010,128765.9294,112.4708431,-0.268143206,2.867441031,454.0
2017-01-11,Wirral,E08000015,157184.189,113.1738552,0.232950783,5.920029538,443.0
2017-01-12,Knowsley,E08000011,123925.5783,115.1868109,0.094434799,2.30572426,180.0
2017-01-12,Liverpool,E08000012,127876.847,114.3108354,-1.167837612,7.170367875,609.0
2017-01-12,Merseyside,E11000002,142396.7884,115.3234993,0.316083615,6.37568987,1871.0
2017-01-12,Sefton,E08000014,166176.3477,120.5340994,2.432042379,9.850502124,379.0
2017-01-12,St Helens,E08000013,124885.1169,112.7489418,0.475159552,1.506376691,262.0
2017-01-12,Stockport,E08000007,212015.8192,119.1462339,0.038729925,6.024674272,415.0
2017-01-12,Warrington,E06000007,185414.6103,118.0766194,1.321845929,5.490409217,261.0
2017-01-12,Wigan,E08000010,130442.0565,113.9348594,1.301685259,3.322788178,476.0
2017-01-12,Wirral,E08000015,157686.3992,113.5354504,0.319504232,6.453423995,441.0
2018-01-01,Knowsley,E08000011,122050.8557,113.4442867,-1.512780972,0.421695947,119.0
2018-01-01,Liverpool,E08000012,127594.0012,114.0579957,-0.221186059,6.220606882,473.0
2018-01-01,Merseyside,E11000002,141211.3766,114.3634648,-0.83247088,5.477408691,1352.0
2018-01-01,Sefton,E08000014,163831.8899,118.8335739,-1.410825199,9.410208568,251.0
2018-01-01,St Helens,E08000013,126151.3819,113.8921528,1.01394387,3.22650056,168.0
2018-01-01,Stockport,E08000007,214690.1128,120.649103,1.261365138,7.393444514,347.0
2018-01-01,Warrington,E06000007,185924.4461,118.4012955,0.274970718,7.053450272,208.0
2018-01-01,Wigan,E08000010,129116.2412,112.7768236,-1.0164017,2.712795045,384.0
2018-01-01,Wirral,E08000015,155057.2285,111.6424268,-1.667341397,4.345218997,341.0
2018-01-02,Knowsley,E08000011,124546.1504,115.7636226,2.044471286,0.91925621,133.0
2018-01-02,Liverpool,E08000012,130044.1387,116.2482067,1.920260744,8.221629529,560.0
2018-01-02,Merseyside,E11000002,141792.8469,114.8343826,0.411772958,5.914370947,1545.0
2018-01-02,Sefton,E08000014,161760.5035,117.3311176,-1.264336542,8.219135296,314.0
2018-01-02,St Helens,E08000013,127508.2971,115.1172047,1.075624512,5.420250421,196.0
2018-01-02,Stockport,E08000007,214912.9791,120.7743468,0.103808335,7.269131779,358.0
2018-01-02,Warrington,E06000007,188547.4305,120.0716769,1.410779686,6.609114489,214.0
2018-01-02,Wigan,E08000010,129750.0734,113.3304455,0.490900464,3.259318422,376.0
2018-01-02,Wirral,E08000015,153679.499,110.6504507,-0.888529679,3.341389292,342.0
2018-01-03,Knowsley,E08000011,124669.4953,115.8782696,0.099035448,-0.955878958,166.0
2018-01-03,Liverpool,E08000012,126291.5238,112.8936936,-2.885647136,5.876750146,773.0
2018-01-03,Merseyside,E11000002,138755.7484,112.3747146,-2.14192644,3.542513661,1899.0
2018-01-03,Sefton,E08000014,156175.2929,113.2799495,-3.45276535,3.752648505,329.0
2018-01-03,St Helens,E08000013,127418.3791,115.0360248,-0.070519298,5.023667242,209.0
2018-01-03,Stockport,E08000007,215886.8425,121.3216274,0.453143134,7.474465294,419.0
2018-01-03,Warrington,E06000007,183898.2063,117.1109358,-2.465811439,4.532179282,229.0
2018-01-03,Wigan,E08000010,128019.1603,111.8185762,-1.334036383,2.326714329,438.0
2018-01-03,Wirral,E08000015,151298.9518,108.936438,-1.549033691,1.852049084,422.0
2018-01-04,Knowsley,E08000011,128151.4687,119.1147074,2.792963488,3.171184187,139.0
2018-01-04,Liverpool,E08000012,123844.7831,110.7065192,-1.937375206,2.630473064,502.0
2018-01-04,Merseyside,E11000002,138804.8002,112.4144404,0.035351203,2.603596532,1440.0
2018-01-04,Sefton,E08000014,156225.9908,113.3167226,0.032462187,2.284398664,258.0
2018-01-04,St Helens,E08000013,126676.9422,114.3666398,-0.581891706,2.967539769,190.0
2018-01-04,Stockport,E08000007,215364.196,121.0279165,-0.242092789,5.418720725,322.0
2018-01-04,Warrington,E06000007,184119.58,117.251912,0.120378352,2.631913035,220.0
2018-01-04,Wigan,E08000010,128006.5385,111.8075516,-0.00985931,1.655355336,333.0
2018-01-04,Wirral,E08000015,154406.0645,111.1735836,2.053624727,3.048219306,351.0
2018-01-05,Knowsley,E08000011,127403.0559,118.4190698,-0.584006469,2.589767958,170.0
2018-01-05,Liverpool,E08000012,124471.6342,111.2668699,0.506158711,2.706975102,548.0
2018-01-05,Merseyside,E11000002,139288.755,112.806383,0.348658542,2.461686081,1690.0
2018-01-05,Sefton,E08000014,157661.4462,114.3579137,0.918832652,1.675269401,326.0
2018-01-05,St Helens,E08000013,126482.0998,114.1907319,-0.153810448,2.173988363,209.0
2018-01-05,Stockport,E08000007,217690.5703,122.3352659,1.080204767,5.070061972,418.0
2018-01-05,Warrington,E06000007,184254.8641,117.3380643,0.073476239,3.383419167,269.0
2018-01-05,Wigan,E08000010,128140.1976,111.9242965,0.104415865,0.642871482,464.0
2018-01-05,Wirral,E08000015,154859.1776,111.4998286,0.293455473,3.546827547,437.0
2018-01-06,Knowsley,E08000011,128487.3033,119.4268601,0.851037183,4.139870843,201.0
2018-01-06,Liverpool,E08000012,129473.1122,115.7377584,4.018166892,4.430330976,745.0
2018-01-06,Merseyside,E11000002,142074.0893,115.0621536,1.999683527,3.05525086,2051.0
2018-01-06,Sefton,E08000014,159361.5654,115.5910755,1.0783354,1.888593733,416.0
2018-01-06,St Helens,E08000013,126764.7306,114.445897,0.223455165,1.18827193,234.0
2018-01-06,Stockport,E08000007,219121.9424,123.139652,0.65752598,3.976643966,451.0
2018-01-06,Warrington,E06000007,187508.9508,119.4103474,1.766079147,4.55921677,265.0
2018-01-06,Wigan,E08000010,129632.0959,113.2273978,1.164270314,0.523186395,560.0
2018-01-06,Wirral,E08000015,156860.4592,112.9407672,1.292323577,3.225631785,455.0
2018-01-07,Knowsley,E08000011,127878.3834,118.860879,-0.473914409,1.76723183,194.0
2018-01-07,Liverpool,E08000012,133087.261,118.9684946,2.791428011,4.743287592,529.0
2018-01-07,Merseyside,E11000002,144357.0732,116.9110836,1.606896714,3.025017822,1752.0
2018-01-07,Sefton,E08000014,159560.8461,115.7356215,0.125049445,0.844856705,381.0
2018-01-07,St Helens,E08000013,128755.0654,116.2428136,1.570101383,2.645441648,211.0
2018-01-07,Stockport,E08000007,222902.4684,125.2641889,1.725306904,5.401763349,452.0
2018-01-07,Warrington,E06000007,189371.8163,120.5966663,0.993480799,4.969695266,275.0
2018-01-07,Wigan,E08000010,131829.6596,115.1468639,1.695231163,2.486434345,436.0
2018-01-07,Wirral,E08000015,159870.5521,115.1080578,1.918962171,3.439255588,437.0
2018-01-08,Knowsley,E08000011,127767.9848,118.7582653,-0.086330915,1.483305854,208.0
2018-01-08,Liverpool,E08000012,131881.1179,117.8903071,-0.906279894,3.667108658,625.0
2018-01-08,Merseyside,E11000002,144697.1722,117.186521,0.235595672,2.259444244,2017.0
2018-01-08,Sefton,E08000014,160364.7167,116.3186998,0.503801901,0.001829863,457.0
2018-01-08,St Helens,E08000013,128200.4707,115.7421138,-0.430736188,0.881601115,220.0
2018-01-08,Stockport,E08000007,223149.5476,125.4030397,0.110846322,5.402763323,570.0
2018-01-08,Warrington,E06000007,192128.361,122.3521023,1.455625641,4.279086721,319.0
2018-01-08,Wigan,E08000010,133277.1206,116.4111515,1.097978305,3.775865886,498.0
2018-01-08,Wirral,E08000015,163065.7402,117.4086183,1.998609517,3.617851575,507.0
2018-01-09,Knowsley,E08000011,128953.4945,119.8601773,0.927861324,3.154234946,179.0
2018-01-09,Liverpool,E08000012,134077.2345,119.8534452,1.665224419,3.457044432,586.0
2018-01-09,Merseyside,E11000002,146309.6383,118.4924159,1.114372893,2.902477024,1665.0
2018-01-09,Sefton,E08000014,163586.3676,118.6554871,2.008952438,2.0953542,297.0
2018-01-09,St Helens,E08000013,128671.1824,116.1670823,0.367168469,2.036742614,197.0
2018-01-09,Stockport,E08000007,226346.7592,127.1997722,1.432766347,6.739299751,415.0
2018-01-09,Warrington,E06000007,192942.6709,122.870675,0.423836392,4.139999068,300.0
2018-01-09,Wigan,E08000010,132840.21,116.0295311,-0.327821154,4.058160429,460.0
2018-01-09,Wirral,E08000015,163343.1447,117.6083518,0.170118233,3.43461679,406.0
2018-01-10,Knowsley,E08000011,128808.293,119.7252149,-0.112599895,3.051377803,196.0
2018-01-10,Liverpool,E08000012,135144.5594,120.8075414,0.796052332,4.662882077,757.0
2018-01-10,Merseyside,E11000002,146890.9472,118.963203,0.397314175,3.387060889,2028.0
2018-01-10,Sefton,E08000014,164935.942,119.6343853,0.824991945,1.524421385,386.0
2018-01-10,St Helens,E08000013,129412.1354,116.8360305,0.575850032,3.26008644,245.0
2018-01-10,Stockport,E08000007,227118.554,127.6334967,0.340978947,7.843981847,477.0
2018-01-10,Warrington,E06000007,193570.6189,123.2705679,0.325458344,4.382261277,304.0
2018-01-10,Wigan,E08000010,132697.3436,115.9047442,-0.107547602,2.77681782,508.0
2018-01-10,Wirral,E08000015,162702.3089,117.146945,-0.392324911,3.751736228,444.0
2018-01-11,Knowsley,E08000011,130466.4477,121.2664427,1.287304301,5.377481609,220.0
2018-01-11,Liverpool,E08000012,135846.3749,121.4349037,0.519307236,4.991570413,707.0
2018-01-11,Merseyside,E11000002,147714.232,119.6299602,0.560473445,4.062130952,2193.0
2018-01-11,Sefton,E08000014,167750.0143,121.6755403,1.706160799,3.402059398,491.0
2018-01-11,St Helens,E08000013,130220.4334,117.5657791,0.624592122,4.767638856,281.0
2018-01-11,Stockport,E08000007,227258.2907,127.7120243,0.061525875,7.230822901,472.0
2018-01-11,Warrington,E06000007,195156.451,124.280465,0.819252449,6.645381554,274.0
2018-01-11,Wigan,E08000010,132580.4088,115.8026073,-0.088121403,2.962335955,625.0
2018-01-11,Wirral,E08000015,161799.3459,116.4968045,-0.554978564,2.936145774,494.0
2018-01-12,Knowsley,E08000011,128982.8619,119.8874738,-1.137139737,4.080903799,157.0
2018-01-12,Liverpool,E08000012,134213.2781,119.9750565,-1.202164416,4.955104298,509.0
2018-01-12,Merseyside,E11000002,146963.8289,119.022228,-0.508010002,3.207263668,1623.0
2018-01-12,Sefton,E08000014,165156.0046,119.7940053,-1.546354396,-0.614012233,363.0
2018-01-12,St Helens,E08000013,130717.6397,118.0146675,0.381818897,4.67031052,192.0
2018-01-12,Stockport,E08000007,226796.4618,127.452491,-0.203217599,6.971481024,369.0
2018-01-12,Warrington,E06000007,196124.3206,124.8968283,0.495945478,5.776087594,254.0
2018-01-12,Wigan,E08000010,133515.2196,116.6191195,0.705089667,2.3559603,475.0
2018-01-12,Wirral,E08000015,163467.0952,117.6975971,1.030751519,3.66594458,402.0
2019-01-01,Knowsley,E08000011,128923.4555,119.8322565,-0.046057643,5.630931215,144.0
2019-01-01,Liverpool,E08000012,133518.5147,119.3539981,-0.517656242,4.643253939,469.0
2019-01-01,Merseyside,E11000002,145930.4524,118.185323,-0.703150232,3.341852383,1391.0
2019-01-01,Sefton,E08000014,165345.7568,119.9316398,0.114892671,0.924036725,306.0
2019-01-01,St Helens,E08000013,128857.4662,116.3352633,-1.423047037,2.1451087,140.0
2019-01-01,Stockport,E08000007,225710.4083,126.842163,-0.478867054,5.133117353,314.0
2019-01-01,Warrington,E06000007,194099.0411,123.6070802,-1.032650825,4.396729516,196.0
2019-01-01,Wigan,E08000010,132651.5423,115.864739,-0.646875492,2.738076233,326.0
2019-01-01,Wirral,E08000015,161078.9459,115.9781108,-1.460935786,3.883545049,332.0
2019-01-02,Knowsley,E08000011,128236.7824,119.194005,-0.532620757,2.963264571,158.0
2019-01-02,Liverpool,E08000012,134235.1929,119.9946464,0.536763135,3.222793566,636.0
2019-01-02,Merseyside,E11000002,145866.1051,118.1332098,-0.044094473,2.87268245,1641.0
2019-01-02,Sefton,E08000014,163085.4454,118.292149,-1.367021083,0.819076289,278.0
2019-01-02,St Helens,E08000013,129562.221,116.9715309,0.546925858,1.610815869,214.0
2019-01-02,Stockport,E08000007,225518.1813,126.7341375,-0.085165308,4.934649497,329.0
2019-01-02,Warrington,E06000007,191394.4403,121.8847234,-1.393412754,1.509970135,216.0
2019-01-02,Wigan,E08000010,131194.8543,114.5923921,-1.098131214,1.113510656,459.0
2019-01-02,Wirral,E08000015,161235.1452,116.0905755,0.096970656,4.916495807,355.0
2019-01-03,Knowsley,E08000011,129027.172,119.9286593,0.616351724,3.49538331,226.0
2019-01-03,Liverpool,E08000012,131590.2775,117.6303209,-1.97035915,4.195652675,659.0
2019-01-03,Merseyside,E11000002,144914.6509,117.3626514,-0.652279169,4.438664745,1838.0
2019-01-03,Sefton,E08000014,166378.363,120.6806289,2.01913642,6.533088544,314.0
2019-01-03,St Helens,E08000013,129215.6377,116.6586282,-0.26750331,1.410517558,218.0
2019-01-03,Stockport,E08000007,222969.4202,125.3018138,-1.130179873,3.280689854,363.0
2019-01-03,Warrington,E06000007,190161.0306,121.0992575,-0.644433405,3.405592916,274.0
2019-01-03,Wigan,E08000010,131899.0893,115.2075075,0.536785497,3.030740886,431.0
2019-01-03,Wirral,E08000015,158694.3388,114.2611749,-1.57583906,4.887930061,421.0
2019-01-04,Knowsley,E08000011,128967.5209,119.8732146,-0.046231386,0.636787237,177.0
2019-01-04,Liverpool,E08000012,129970.4768,116.1823593,-1.23094252,4.94626704,512.0
2019-01-04,Merseyside,E11000002,143792.0655,116.4534984,-0.774652799,3.593006332,1506.0
2019-01-04,Sefton,E08000014,164469.9953,119.2964163,-1.14700475,5.27697375,286.0
2019-01-04,St Helens,E08000013,129674.6917,117.0730719,0.355261937,2.366452423,205.0
2019-01-04,Stockport,E08000007,223711.4885,125.7188328,0.332811664,3.87589609,393.0
2019-01-04,Warrington,E06000007,191281.5185,121.812812,0.589231071,3.889829934,231.0
2019-01-04,Wigan,E08000010,133233.4366,116.3729956,1.011642529,4.083305574,380.0
2019-01-04,Wirral,E08000015,157593.1966,113.4683438,-0.693876187,2.064123611,326.0
2019-01-05,Knowsley,E08000011,128852.913,119.7666884,-0.088865768,1.138008093,178.0
2019-01-05,Liverpool,E08000012,129192.7403,115.4871301,-0.59839476,3.792917186,573.0
2019-01-05,Merseyside,E11000002,143538.5689,116.248198,-0.176293903,3.051081779,1715.0
2019-01-05,Sefton,E08000014,165825.9258,120.2799249,0.824424228,5.178488335,339.0
2019-01-05,St Helens,E08000013,129360.837,116.7897171,-0.242032377,2.276003644,244.0
2019-01-05,Stockport,E08000007,225690.7589,126.8311207,0.884742442,3.675027638,375.0
2019-01-05,Warrington,E06000007,192470.8621,122.5702154,0.621776514,4.459039924,292.0
2019-01-05,Wigan,E08000010,135583.7998,118.4259248,1.764094116,5.808951711,473.0
2019-01-05,Wirral,E08000015,156889.5702,112.9617273,-0.446482724,1.3111219,381.0
2019-01-06,Knowsley,E08000011,129212.4829,120.1009028,0.279054577,0.564397915,217.0
2019-01-06,Liverpool,E08000012,132779.6772,118.6935413,2.77642299,2.553862261,513.0
2019-01-06,Merseyside,E11000002,144824.9646,117.2900168,0.896202182,1.936225905,1686.0
2019-01-06,Sefton,E08000014,165261.4014,119.8704536,-0.340431933,3.702169964,377.0
2019-01-06,St Helens,E08000013,129508.4852,116.9230171,0.114136757,2.164446425,214.0
2019-01-06,Stockport,E08000007,228504.1606,128.4121641,1.24657371,4.281733784,425.0
2019-01-06,Warrington,E06000007,193411.0675,123.1689616,0.488492364,3.147645303,279.0
2019-01-06,Wigan,E08000010,136505.5039,119.230989,0.67980404,5.30224249,498.0
2019-01-06,Wirral,E08000015,156850.9416,112.9339144,-0.024621491,-0.006067573,365.0
2019-01-07,Knowsley,E08000011,131562.3835,122.2850972,1.8186328,2.880862271,198.0
2019-01-07,Liverpool,E08000012,135789.5379,121.3840964,2.266808303,2.030455024,574.0
2019-01-07,Merseyside,E11000002,147318.6412,119.3095814,1.721855479,2.051557275,1856.0
2019-01-07,Sefton,E08000014,167424.948,121.4397572,1.30916632,4.928591225,377.0
2019-01-07,St Helens,E08000013,130257.5655,117.5993027,0.578402445,1.166944486,214.0
2019-01-07,Stockport,E08000007,229214.8201,128.8115324,0.311005043,2.831889544,423.0
2019-01-07,Warrington,E06000007,194716.3279,124.0001838,0.674863344,2.822231821,284.0
2019-01-07,Wigan,E08000010,136455.3501,119.187182,-0.036741249,3.508839035,417.0
2019-01-07,Wirral,E08000015,159803.6911,115.0599173,1.882519473,-0.041821947,493.0
2019-01-08,Knowsley,E08000011,132999.5704,123.6209391,1.092399592,4.09459821,193.0
2019-01-08,Liverpool,E08000012,137086.8678,122.543797,0.955397532,3.947304999,555.0
2019-01-08,Merseyside,E11000002,149010.4792,120.6797576,1.14842087,2.980920067,1831.0
2019-01-08,Sefton,E08000014,168706.6865,122.3694515,0.765560046,5.201873558,399.0
2019-01-08,St Helens,E08000013,132858.8165,119.9477675,1.997005736,3.633641769,244.0
2019-01-08,Stockport,E08000007,228554.2384,128.4403063,-0.28819325,2.422003956,539.0
2019-01-08,Warrington,E06000007,195885.1968,124.7445484,0.600293172,1.955378033,259.0
2019-01-08,Wigan,E08000010,136143.9506,118.9151896,-0.228206121,2.151029387,496.0
2019-01-08,Wirral,E08000015,161930.5138,116.5912464,1.330897063,-0.696177145,440.0
2019-01-09,Knowsley,E08000011,133208.4734,123.815111,0.157070408,3.299622773,218.0
2019-01-09,Liverpool,E08000012,136481.0655,122.0022622,-0.441911271,1.792870408,552.0
2019-01-09,Merseyside,E11000002,149994.8219,121.4769514,0.660586186,2.518756565,1740.0
2019-01-09,Sefton,E08000014,170138.6158,123.4080849,0.848768535,4.005375434,340.0
2019-01-09,St Helens,E08000013,134183.6938,121.1438949,0.997206853,4.284184901,246.0
2019-01-09,Stockport,E08000007,229914.747,129.2048693,0.595267251,1.57633703,418.0
2019-01-09,Warrington,E06000007,196705.3993,125.2668737,0.418715953,1.950179503,275.0
2019-01-09,Wigan,E08000010,134808.7128,117.7489236,-0.980754473,1.481857593,458.0
2019-01-09,Wirral,E08000015,165278.7288,119.0019876,2.067686288,1.184980283,384.0
2019-01-10,Knowsley,E08000011,133170.7709,123.7800671,-0.02830341,3.386798884,187.0
2019-01-10,Liverpool,E08000012,137335.481,122.7660357,0.626032265,1.621168935,662.0
2019-01-10,Merseyside,E11000002,150664.1887,122.0190543,0.446259933,2.56873657,1952.0
2019-01-10,Sefton,E08000014,172761.2892,125.3104108,1.541492176,4.744476663,413.0
2019-01-10,St Helens,E08000013,134861.8581,121.7561561,0.505399986,4.211137289,206.0
2019-01-10,Stockport,E08000007,230870.9469,129.7422237,0.415893247,1.652173645,468.0
2019-01-10,Warrington,E06000007,197581.363,125.8247091,0.44531757,2.07197979,295.0
2019-01-10,Wigan,E08000010,135391.7808,118.2582054,0.432515069,2.03051329,462.0
2019-01-10,Wirral,E08000015,164354.0665,118.3362234,-0.559456335,1.015202303,484.0
2019-01-11,Knowsley,E08000011,131149.9904,121.9017845,-1.517435477,0.523922146,192.0
2019-01-11,Liverpool,E08000012,133405.2368,119.2527375,-2.861783565,-1.796984343,694.0
2019-01-11,Merseyside,E11000002,148126.1955,119.9635989,-1.684536436,0.278892268,1955.0
2019-01-11,Sefton,E08000014,170383.7898,123.585919,-1.376175999,1.570059772,398.0
2019-01-11,St Helens,E08000013,133065.9935,120.1348113,-1.331632757,2.185187021,230.0
2019-01-11,Stockport,E08000007,233246.7012,131.077323,1.029039988,2.635068037,435.0
2019-01-11,Warrington,E06000007,195074.6039,124.2283428,-1.268722451,-0.041939195,312.0
2019-01-11,Wigan,E08000010,136493.179,119.2202238,0.813489739,2.951243127,525.0
2019-01-11,Wirral,E08000015,163552.6471,117.7591951,-0.48761763,1.083626828,441.0
2019-01-12,Knowsley,E08000011,131950.8116,122.6461348,0.610614778,2.301041869,209.0
2019-01-12,Liverpool,E08000012,129802.3708,116.032087,-2.700693096,-3.286491016,625.0
2019-01-12,Merseyside,E11000002,146540.2056,118.6791464,-1.070701856,-0.28825003,1784.0
2019-01-12,Sefton,E08000014,168405.1702,122.1507501,-1.161272253,1.967331158,325.0
2019-01-12,St Helens,E08000013,133240.1316,120.2920269,0.13086602,1.929725754,220.0
2019-01-12,Stockport,E08000007,232983.7281,130.9295404,-0.112744629,2.728114116,359.0
2019-01-12,Warrington,E06000007,193452.109,123.1950978,-0.831730463,-1.362509014,281.0
2019-01-12,Wigan,E08000010,136901.5071,119.5768787,0.299156408,2.536255823,463.0
2019-01-12,Wirral,E08000015,163739.0445,117.8934028,0.113967867,0.166363369,405.0
2020-01-01,Knowsley,E08000011,130668.7518,121.454481,-0.971619474,1.35374617,162.0
2020-01-01,Liverpool,E08000012,126046.3075,112.6744915,-2.893678455,-5.596382772,458.0
2020-01-01,Merseyside,E11000002,144515.1965,117.0391436,-1.381879532,-0.96981532,1423.0
2020-01-01,Sefton,E08000014,164921.8611,119.624172,-2.068409813,-0.256369248,322.0
2020-01-01,St Helens,E08000013,133046.435,120.1171535,-0.145374056,3.250854605,162.0
2020-01-01,Stockport,E08000007,233946.0611,131.4703413,0.413047314,3.648769642,347.0
2020-01-01,Warrington,E06000007,193238.241,123.0589013,-0.110553482,-0.443485022,233.0
2020-01-01,Wigan,E08000010,136873.4968,119.5524131,-0.020460176,3.182740584,350.0
2020-01-01,Wirral,E08000015,164388.2995,118.3608715,0.396518111,2.054491732,319.0
2020-01-02,Knowsley,E08000011,132021.2576,122.7116132,1.035064458,2.951162031,167.0
2020-01-02,Liverpool,E08000012,130088.1651,116.2875624,3.206644939,-3.08937447,420.0
2020-01-02,Merseyside,E11000002,144834.4276,117.2976806,0.220897935,-0.707277085,1486.0
2020-01-02,Sefton,E08000014,165044.0517,119.7128015,0.074089983,1.200969378,308.0
2020-01-02,St Helens,E08000013,133374.8967,120.4136957,0.246877426,2.942737208,184.0
2020-01-02,Stockport,E08000007,234115.0671,131.5653174,0.07224142,3.812058845,347.0
2020-01-02,Warrington,E06000007,194386.8507,123.7903645,0.594400861,1.563478219,226.0
2020-01-02,Wigan,E08000010,136777.565,119.4686212,-0.070087962,4.255281695,405.0
2020-01-02,Wirral,E08000015,158017.1786,113.7736142,-3.875653511,-1.995822054,407.0
2020-01-03,Knowsley,E08000011,131900.8134,122.5996623,-0.091230906,2.227159892,150.0
2020-01-03,Liverpool,E08000012,132827.5997,118.7363799,2.105829232,0.940283932,434.0
2020-01-03,Merseyside,E11000002,144535.0748,117.0552425,-0.206686233,-0.261930825,1411.0
2020-01-03,Sefton,E08000014,164273.5722,119.1539431,-0.46683261,-1.265062824,274.0
2020-01-03,St Helens,E08000013,131793.6149,118.9860809,-1.185591714,1.995096906,206.0
2020-01-03,Stockport,E08000007,232978.6959,130.9267124,-0.48539002,4.489080023,353.0
2020-01-03,Warrington,E06000007,197400.4208,125.7094806,1.550295233,3.806978829,258.0
2020-01-03,Wigan,E08000010,137812.9538,120.3729835,0.75698733,4.483628005,368.0
2020-01-03,Wirral,E08000015,153344.7098,110.4093998,-2.956937237,-3.371026986,347.0
2020-01-04,Knowsley,E08000011,132534.1353,123.1883247,0.480150112,2.765513635,64.0
2020-01-04,Liverpool,E08000012,134490.268,120.2226615,1.251749135,3.477552253,184.0
2020-01-04,Merseyside,E11000002,144934.0939,117.3783978,0.276070798,0.794222121,531.0
2020-01-04,Sefton,E08000014,164102.1043,119.0295708,-0.104379459,-0.223682719,97.0
2020-01-04,St Helens,E08000013,133835.7649,120.8297773,1.549505966,3.20885524,71.0
2020-01-04,Stockport,E08000007,233125.7166,131.0093335,0.063104771,4.208200571,115.0
2020-01-04,Warrington,E06000007,196770.7965,125.3085203,-0.318957939,2.869737771,78.0
2020-01-04,Wigan,E08000010,138255.7283,120.7597258,0.321286567,3.769543037,169.0
2020-01-04,Wirral,E08000015,150799.1347,108.5765657,-1.660034494,-4.31113905,115.0
2020-01-05,Knowsley,E08000011,133424.5523,124.0159528,0.671839719,3.547951855,88.0
2020-01-05,Liverpool,E08000012,133162.2115,119.0354939,-0.987474047,3.072518832,275.0
2020-01-05,Merseyside,E11000002,144999.6054,117.4314539,0.045200928,1.017870391,824.0
2020-01-05,Sefton,E08000014,163476.1455,118.5755388,-0.381444731,-1.417016227,162.0
2020-01-05,St Helens,E08000013,133644.0199,120.6566658,-0.143268882,3.311035222,118.0
2020-01-05,Stockport,E08000007,232630.2943,130.7309217,-0.212512924,3.074798191,153.0
2020-01-05,Warrington,E06000007,196908.2087,125.3960278,0.069833641,2.305464105,126.0
2020-01-05,Wigan,E08000010,137865.9574,120.4192797,-0.281920228,1.683208212,263.0
2020-01-05,Wirral,E08000015,153340.2648,110.4061994,1.685109164,-2.262295318,181.0
2020-01-06,Knowsley,E08000011,134545.2707,125.0576424,0.839964194,4.127146008,136.0
2020-01-06,Liverpool,E08000012,137383.4645,122.8089288,3.170008187,3.467237936,349.0
2020-01-06,Merseyside,E11000002,147366.6237,119.3484412,1.632430805,1.754986814,1215.0
2020-01-06,Sefton,E08000014,164909.6623,119.6153237,0.876896591,-0.212838038,273.0
2020-01-06,St Helens,E08000013,135195.7015,122.057557,1.161055784,4.391385031,145.0
2020-01-06,Stockport,E08000007,234724.7633,131.9079475,0.900342313,2.722314842,262.0
2020-01-06,Warrington,E06000007,196706.6501,125.2676702,-0.102361731,1.703926547,209.0
2020-01-06,Wigan,E08000010,138993.1107,121.4037938,0.817571863,1.822349069,391.0
2020-01-06,Wirral,E08000015,154500.7761,111.2417767,0.756820987,-1.498343281,312.0
2020-01-07,Knowsley,E08000011,135124.42,125.5959522,0.430449367,2.707488574,148.0
2020-01-07,Liverpool,E08000012,140186.7188,125.3147956,2.040459764,3.238232471,341.0
2020-01-07,Merseyside,E11000002,149921.8821,121.4178793,1.733946527,1.767081801,1303.0
2020-01-07,Sefton,E08000014,166328.0579,120.6441406,0.860104651,-0.65515329,268.0
2020-01-07,St Helens,E08000013,137158.2723,123.8294077,1.451651782,5.297739732,186.0
2020-01-07,Stockport,E08000007,236827.8161,133.0897971,0.895965447,3.321336722,338.0
2020-01-07,Warrington,E06000007,198597.4998,126.4718102,0.961253586,1.99324417,196.0
2020-01-07,Wigan,E08000010,140660.3914,122.8600832,1.199541928,3.081624315,355.0
2020-01-07,Wirral,E08000015,158961.6368,114.4536316,2.887274035,-0.526930428,360.0
2020-01-08,Knowsley,E08000011,133786.8241,124.3526786,-0.989899432,0.591921982,115.0
2020-01-08,Liverpool,E08000012,143468.0545,128.2480257,2.340689397,4.654848988,403.0
2020-01-08,Merseyside,E11000002,153403.2423,124.2373435,2.322116128,2.94795581,1364.0
2020-01-08,Sefton,E08000014,169438.415,122.9002023,1.870013483,0.433728242,299.0
2020-01-08,St Helens,E08000013,140488.2463,126.8357791,2.427833124,5.742509162,206.0
2020-01-08,Stockport,E08000007,239883.838,134.8071855,1.29039822,4.95707261,361.0
2020-01-08,Warrington,E06000007,200146.2331,127.4580819,0.779835239,2.175272247,228.0
2020-01-08,Wigan,E08000010,141383.9072,123.4920395,0.514370715,3.848835402,325.0
2020-01-08,Wirral,E08000015,165712.3299,119.3141838,4.246743555,2.335456162,341.0
2020-01-09,Knowsley,E08000011,135490.6245,125.9363333,1.27351879,1.713217644,174.0
2020-01-09,Liverpool,E08000012,143775.4327,128.5227952,0.214248506,5.344600099,430.0
2020-01-09,Merseyside,E11000002,155342.3054,125.8077408,1.264030024,3.565112057,1587.0
2020-01-09,Sefton,E08000014,170357.0637,123.5665336,0.542172597,0.128394091,385.0
2020-01-09,St Helens,E08000013,142209.4167,128.3896884,1.225134824,5.981146213,209.0
2020-01-09,Stockport,E08000007,243548.1651,136.8664223,1.527542322,5.929771078,410.0
2020-01-09,Warrington,E06000007,202525.4745,128.9732418,1.188751517,2.95877752,251.0
2020-01-09,Wigan,E08000010,142883.5306,124.8018884,1.060674754,5.989833818,446.0
2020-01-09,Wirral,E08000015,171345.5085,123.3701168,3.399372026,3.670635516,389.0
2020-01-10,Knowsley,E08000011,138423.1868,128.6621023,2.16440238,3.944120678,186.0
2020-01-10,Liverpool,E08000012,145222.0347,129.8159322,1.006153799,5.742546338,517.0
2020-01-10,Merseyside,E11000002,157222.4027,127.3303833,1.21029318,4.352868504,1884.0
2020-01-10,Sefton,E08000014,174350.6796,126.4632568,2.344261984,0.919992185,463.0
2020-01-10,St Helens,E08000013,142869.4607,128.9855901,0.464135219,5.937633255,226.0
2020-01-10,Stockport,E08000007,245780.0121,138.1206502,0.916388332,6.457748553,488.0
2020-01-10,Warrington,E06000007,204773.2952,130.4047098,1.109895331,3.639985121,302.0
2020-01-10,Wigan,E08000010,144557.8965,126.2643664,1.171839659,6.770068091,488.0
2020-01-10,Wirral,E08000015,172171.9267,123.9651444,0.482310971,4.756718463,492.0
2020-01-11,Knowsley,E08000011,141622.5434,131.6358523,2.311286612,7.985172541,182.0
2020-01-11,Liverpool,E08000012,146100.233,130.6009656,0.604728055,9.516115373,485.0
2020-01-11,Merseyside,E11000002,158763.2612,128.578285,0.980050233,7.181083438,1782.0
2020-01-11,Sefton,E08000014,176270.7555,127.8559618,1.101272391,3.455120737,421.0
2020-01-11,St Helens,E08000013,142604.0625,128.745983,-0.185762696,7.167923829,239.0
2020-01-11,Stockport,E08000007,248648.7272,139.7327781,1.167188122,6.603319958,419.0
2020-01-11,Warrington,E06000007,208610.1297,132.8481011,1.87369863,6.938640646,366.0
2020-01-11,Wigan,E08000010,147598.533,128.9202161,2.103403948,8.136197051,474.0
2020-01-11,Wirral,E08000015,174636.6957,125.7397976,1.431574299,6.777052454,455.0
2020-01-12,Knowsley,E08000011,142063.199,132.0454345,0.311147925,7.663755364,168.0
2020-01-12,Liverpool,E08000012,148950.7528,133.1490835,1.9510713,14.75195088,511.0
2020-01-12,Merseyside,E11000002,161533.5198,130.8218462,1.744898997,10.23153619,1862.0
2020-01-12,Sefton,E08000014,181288.3219,131.4953958,2.846510986,7.650092772,439.0
2020-01-12,St Helens,E08000013,143358.0431,129.4266928,0.528723077,7.593741726,231.0
2020-01-12,Stockport,E08000007,250834.8266,140.9612973,0.879191885,7.661950764,504.0
2020-01-12,Warrington,E06000007,210470.3595,134.0327415,0.891725568,8.797138793,342.0
2020-01-12,Wigan,E08000010,148799.6133,129.9693019,0.813748116,8.690997234,487.0
2020-01-12,Wirral,E08000015,177855.7829,128.0575657,1.843305109,8.621485727,513.0
2021-01-01,Knowsley,E08000011,142153.256,132.129141,0.06339221,8.789021113,137.0
2021-01-01,Liverpool,E08000012,151838.7493,135.7307025,1.938893547,20.46267142,454.0
2021-01-01,Merseyside,E11000002,163655.8421,132.5406605,1.313858762,13.24472862,1502.0
2021-01-01,Sefton,E08000014,183300.7997,132.9551234,1.110097883,11.14402816,319.0
2021-01-01,St Helens,E08000013,143928.9879,129.9421539,0.398264908,8.179514791,202.0
2021-01-01,Stockport,E08000007,254195.1072,142.8496695,1.339638778,8.655433654,413.0
2021-01-01,Warrington,E06000007,212955.926,135.6156119,1.180957954,10.20382142,236.0
2021-01-01,Wigan,E08000010,149261.2111,130.3724854,0.31021441,9.050484291,342.0
2021-01-01,Wirral,E08000015,180831.5023,130.2001071,1.673108027,10.00266006,390.0
2021-01-02,Knowsley,E08000011,144781.2714,134.5718387,1.848719827,9.66512063,165.0
2021-01-02,Liverpool,E08000012,155621.7069,139.1123392,2.491430943,19.62787451,530.0
2021-01-02,Merseyside,E11000002,166212.3131,134.6110807,1.562101888,14.7602237,1768.0
2021-01-02,Sefton,E08000014,185172.6815,134.3128712,1.021207628,12.19591352,400.0
2021-01-02,St Helens,E08000013,145757.1037,131.5926157,1.270151227,9.283761289,224.0
2021-01-02,Stockport,E08000007,255222.011,143.4267571,0.403982489,9.015628142,564.0
2021-01-02,Warrington,E06000007,215461.0716,137.2109507,1.176368132,10.84138193,361.0
2021-01-02,Wigan,E08000010,150877.1497,131.78393,1.082624597,10.30840457,448.0
2021-01-02,Wirral,E08000015,182117.2042,131.1258227,0.710994468,15.25152256,449.0
2021-01-03,Knowsley,E08000011,144417.7644,134.2339648,-0.251073195,9.489669325,201.0
2021-01-03,Liverpool,E08000012,158419.3076,141.6131522,1.797693113,19.26686017,622.0
2021-01-03,Merseyside,E11000002,167687.1764,135.8055346,0.887336976,16.01832751,2328.0
2021-01-03,Sefton,E08000014,184671.9107,133.9496429,-0.270434498,12.41729767,525.0
2021-01-03,St Helens,E08000013,148834.4462,134.370906,2.111281336,12.92993692,298.0
2021-01-03,Stockport,E08000007,256159.4574,143.9535726,0.367306254,9.9497344,659.0
2021-01-03,Warrington,E06000007,218032.8994,138.8487544,1.193639177,10.45209453,436.0
2021-01-03,Wigan,E08000010,151748.8469,132.5453156,0.57775294,10.11217937,540.0
2021-01-03,Wirral,E08000015,183051.465,131.7984978,0.512999715,19.37253344,682.0
2021-01-04,Knowsley,E08000011,146055.268,135.7559978,1.133865748,10.20200016,168.0
2021-01-04,Liverpool,E08000012,158339.9459,141.5422097,-0.050095974,17.73338564,438.0
2021-01-04,Merseyside,E11000002,167763.9156,135.8676837,0.045763317,15.75186425,1652.0
2021-01-04,Sefton,E08000014,183461.9567,133.0720167,-0.655191142,11.79744306,354.0
2021-01-04,St Helens,E08000013,149330.5142,134.8187668,0.333301879,11.5774355,213.0
2021-01-04,Stockport,E08000007,255403.8158,143.5289257,-0.294988754,9.556259821,417.0
2021-01-04,Warrington,E06000007,217545.4475,138.5383329,-0.223568042,10.5577918,289.0
2021-01-04,Wigan,E08000010,154037.8647,134.5446625,1.50842521,11.41517725,443.0
2021-01-04,Wirral,E08000015,183327.141,131.9969867,0.150600281,21.57041971,479.0
2021-01-05,Knowsley,E08000011,146574.8343,136.2389262,0.355732635,9.855968604,161.0
2021-01-05,Liverpool,E08000012,157451.5647,140.7480738,-0.561059396,18.24042492,430.0
2021-01-05,Merseyside,E11000002,167593.1125,135.7293547,-0.101811563,15.58177143,1592.0
2021-01-05,Sefton,E08000014,183448.0867,133.0619563,-0.007560133,12.217037,383.0
2021-01-05,St Helens,E08000013,150506.0915,135.880103,0.787231786,12.61715388,227.0
2021-01-05,Stockport,E08000007,253970.5131,142.7234547,-0.561190767,9.173447893,365.0
2021-01-05,Warrington,E06000007,216927.2471,138.1446476,-0.284170706,10.16668553,249.0
2021-01-05,Wigan,E08000010,154863.7583,135.2660408,0.536162678,12.32922265,365.0
2021-01-05,Wirral,E08000015,182903.6443,131.6920657,-0.231005986,19.2795934,391.0
2021-01-06,Knowsley,E08000011,152878.9966,142.0985426,4.300985474,13.62643647,202.0
2021-01-06,Liverpool,E08000012,162155.9157,144.9533565,2.987808324,18.03161047,692.0
2021-01-06,Merseyside,E11000002,172452.4742,139.6648268,2.899499607,17.02274903,2535.0
2021-01-06,Sefton,E08000014,188204.1303,136.5116977,2.592582839,14.12559321,612.0
2021-01-06,St Helens,E08000013,153633.7412,138.7038117,2.078088446,13.63803694,331.0
2021-01-06,Stockport,E08000007,260245.822,146.2499812,2.470880885,10.87275938,863.0
2021-01-06,Warrington,E06000007,224157.6945,142.7491757,3.333120925,13.95532102,589.0
2021-01-06,Wigan,E08000010,158082.555,138.0775048,2.078469979,13.73409387,588.0
2021-01-06,Wirral,E08000015,188111.986,135.4421128,2.847587723,21.75471919,698.0
2021-01-07,Knowsley,E08000011,159115.1663,147.894961,4.079154028,17.75456008,144.0
2021-01-07,Liverpool,E08000012,161035.804,143.9520736,-0.690762141,14.87236833,438.0
2021-01-07,Merseyside,E11000002,172522.7165,139.7217143,0.040731436,15.07507383,1424.0
2021-01-07,Sefton,E08000014,186519.3612,135.2896698,-0.895181814,12.13944507,284.0
2021-01-07,St Helens,E08000013,156247.7221,141.0637694,1.701436765,13.91782612,198.0
2021-01-07,Stockport,E08000007,258652.2025,145.3544171,-0.612351611,9.215296931,286.0
2021-01-07,Warrington,E06000007,221974.5268,141.3588804,-0.973942821,11.77105805,210.0
2021-01-07,Wigan,E08000010,158915.471,138.8050169,0.526886739,12.97812376,369.0
2021-01-07,Wirral,E08000015,186880.4799,134.5554187,-0.654666506,17.5632584,360.0
2021-01-08,Knowsley,E08000011,161448.054,150.0633422,1.466163003,20.67560096,163.0
2021-01-08,Liverpool,E08000012,162702.897,145.4423104,1.035231237,13.40705603,500.0
2021-01-08,Merseyside,E11000002,174222.6468,141.0984441,0.985337074,13.57168479,1689.0
2021-01-08,Sefton,E08000014,188254.5439,136.5482646,0.930296291,11.10499576,374.0
2021-01-08,St Helens,E08000013,157095.0304,141.8287373,0.542285187,11.82076407,249.0
2021-01-08,Stockport,E08000007,261364.4655,146.8786238,1.048613917,8.954595572,367.0
2021-01-08,Warrington,E06000007,222272.623,141.5487154,0.134292973,11.05511183,266.0
2021-01-08,Wigan,E08000010,161621.5984,141.1686889,1.702872167,14.31399905,425.0
2021-01-08,Wirral,E08000015,188714.3404,135.8758127,0.981301277,13.8806874,403.0
2021-01-09,Knowsley,E08000011,163471.6508,151.9442425,1.253404246,20.65163285,223.0
2021-01-09,Liverpool,E08000012,162359.384,145.1352396,-0.211128968,12.92567931,750.0
2021-01-09,Merseyside,E11000002,174488.4121,141.3136806,0.152543463,12.32510788,2632.0
2021-01-09,Sefton,E08000014,188302.7138,136.5832041,0.025587688,10.53413915,607.0
2021-01-09,St Helens,E08000013,158607.1143,143.1938788,0.962528153,11.53066934,342.0
2021-01-09,Stockport,E08000007,260382.2142,146.3266294,-0.375816698,6.911999961,659.0
2021-01-09,Warrington,E06000007,221108.5668,140.8074156,-0.523706473,9.175681448,386.0
2021-01-09,Wigan,E08000010,164230.4423,143.4473885,1.614167902,14.94007854,659.0
2021-01-09,Wirral,E08000015,188331.7578,135.6003502,-0.202731086,9.913448812,710.0
2021-01-10,Knowsley,E08000011,159175.8079,147.9513263,-2.627882524,14.9921567,129.0
2021-01-10,Liverpool,E08000012,162126.4479,144.9270148,-0.143469476,11.64039139,424.0
2021-01-10,Merseyside,E11000002,174563.257,141.3742955,0.042893885,11.02950595,1289.0
2021-01-10,Sefton,E08000014,191788.6591,139.1116944,1.851245376,10.00166996,252.0
2021-01-10,St Helens,E08000013,158055.1764,142.6955775,-0.347990648,10.62908449,194.0
2021-01-10,Stockport,E08000007,265810.0185,149.376885,2.084552642,8.14956687,232.0
2021-01-10,Warrington,E06000007,227235.3318,144.7090914,2.77093062,10.96922163,177.0
2021-01-10,Wigan,E08000010,165685.52,144.7183289,0.885997572,14.61533687,310.0
2021-01-10,Wirral,E08000015,188511.3542,135.729661,0.095361734,9.490181028,290.0
2021-01-11,Knowsley,E08000011,159665.065,148.4060829,0.307369014,12.73986554,172.0
2021-01-11,Liverpool,E08000012,162973.2692,145.6839998,0.522321537,11.54894543,481.0
2021-01-11,Merseyside,E11000002,175362.7982,142.0218234,0.458023811,10.45552786,1643.0
2021-01-11,Sefton,E08000014,191836.8522,139.1466507,0.025128243,8.830788025,340.0
2021-01-11,St Helens,E08000013,159850.1293,144.3160992,1.13564959,12.09367146,226.0
2021-01-11,Stockport,E08000007,271039.0124,152.3154154,1.96719218,9.00478578,304.0
2021-01-11,Warrington,E06000007,234663.5394,149.4395581,3.268949212,12.48904346,206.0
2021-01-11,Wigan,E08000010,166909.394,145.7873239,0.738672822,13.08336916,433.0
2021-01-11,Wirral,E08000015,189370.3734,136.3481616,0.455685645,8.436759289,424.0
2021-01-12,Knowsley,E08000011,158280.7054,147.1193431,-0.867039772,11.41569843,168.0
2021-01-12,Liverpool,E08000012,160831.0405,143.7690327,-1.314466316,7.975983683,477.0
2021-01-12,Merseyside,E11000002,173532.1137,140.5391991,-1.043941247,7.427928206,1666.0
2021-01-12,Sefton,E08000014,191060.3968,138.5834577,-0.404747821,5.390349893,388.0
2021-01-12,St Helens,E08000013,157384.3176,142.0899119,-1.542577259,9.78408618,217.0
2021-01-12,Stockport,E08000007,271456.8971,152.5502534,0.154178773,8.221374479,347.0
2021-01-12,Warrington,E06000007,235555.0505,150.0072945,0.379910341,11.91839601,255.0
2021-01-12,Wigan,E08000010,165333.4544,144.4108165,-0.94418866,11.11148123,440.0
2021-01-12,Wirral,E08000015,187372.8789,134.9099499,-1.054808331,5.351018609,416.0
2022-01-01,Knowsley,E08000011,160232.6529,148.9336466,1.233218876,12.71824327,151.0
2022-01-01,Liverpool,E08000012,164713.4711,147.2395897,2.41398091,8.479206972,440.0
2022-01-01,Merseyside,E11000002,177947.6956,144.1152654,2.544533022,8.732870962,1369.0
2022-01-01,Sefton,E08000014,195580.9843,141.8624138,2.366051602,6.699471382,268.0
2022-01-01,St Helens,E08000013,161974.8382,146.2343316,2.916758583,12.53802348,164.0
2022-01-01,Stockport,E08000007,275524.9858,154.8363916,1.498613162,8.391144439,309.0
2022-01-01,Warrington,E06000007,241264.799,153.6434038,2.423955034,13.29330135,200.0
2022-01-01,Wigan,E08000010,167525.2357,146.325232,1.325673213,12.23628325,296.0
2022-01-01,Wirral,E08000015,193452.2062,139.2871135,3.244507622,6.97926182,346.0
2022-01-02,Knowsley,E08000011,162026.0698,150.6005985,1.11925807,11.91093172,129.0
2022-01-02,Liverpool,E08000012,165710.7924,148.1311086,0.605488575,6.483083681,430.0
2022-01-02,Merseyside,E11000002,179156.8909,145.0945616,0.679522909,7.787977695,1459.0
2022-01-02,Sefton,E08000014,198247.2955,143.7963919,1.36327728,7.060768301,308.0
2022-01-02,St Helens,E08000013,162604.9609,146.8032198,0.389025044,11.55885837,211.0
2022-01-02,Stockport,E08000007,276674.3975,155.4823249,0.417171479,8.405382617,317.0
2022-01-02,Warrington,E06000007,242231.2018,154.2588331,0.400556893,12.42457856,251.0
2022-01-02,Wigan,E08000010,169221.6973,147.8070096,1.012660327,12.15859898,413.0
2022-01-02,Wirral,E08000015,194221.28,139.8408527,0.397552352,6.64631102,381.0
2022-01-03,Knowsley,E08000011,162857.2647,151.3731806,0.513000717,12.76816624,150.0
2022-01-03,Liverpool,E08000012,165874.58,148.2775206,0.098839461,4.706037757,519.0
2022-01-03,Merseyside,E11000002,180365.0272,146.0730001,0.67434538,7.560417585,1726.0
2022-01-03,Sefton,E08000014,200647.1716,145.5371144,1.210546738,8.650617691,335.0
2022-01-03,St Helens,E08000013,164631.3117,148.6326525,1.246180222,10.61371606,251.0
2022-01-03,Stockport,E08000007,280318.2531,157.5300573,1.317019442,9.431155106,347.0
2022-01-03,Warrington,E06000007,241149.2772,153.5698367,-0.446649521,10.60224302,222.0
2022-01-03,Wigan,E08000010,170806.8994,149.1916074,0.936760571,12.55894391,387.0
2022-01-03,Wirral,E08000015,195895.8493,141.0465557,0.862196607,7.016815934,471.0
2022-01-04,Knowsley,E08000011,166155.0,154.4,2.0,13.8,147.0
2022-01-04,Liverpool,E08000012,169890.0,151.9,2.4,7.3,429.0
2022-01-04,Merseyside,E11000002,181856.0,147.3,0.8,8.4,1448.0
2022-01-04,Sefton,E08000014,200513.0,145.4,-0.1,9.3,329.0
2022-01-04,St Helens,E08000013,165235.0,149.2,0.4,10.7,169.0
2022-01-04,Stockport,E08000007,281762.0,158.3,0.5,10.3,385.0
2022-01-04,Warrington,E06000007,242899.0,154.7,0.7,11.7,229.0
2022-01-04,Wigan,E08000010,172315.0,150.5,0.9,11.9,374.0
2022-01-04,Wirral,E08000015,195491.0,140.8,-0.2,6.6,374.0
2022-01-05,Knowsley,E08000011,167945.0,156.1,1.1,14.6,137.0
2022-01-05,Liverpool,E08000012,174156.0,155.7,2.5,10.6,473.0
2022-01-05,Merseyside,E11000002,185157.0,150.0,1.8,10.5,1542.0
2022-01-05,Sefton,E08000014,202169.0,146.6,0.8,10.2,351.0
2022-01-05,St Helens,E08000013,171371.0,154.7,3.7,13.9,202.0
2022-01-05,Stockport,E08000007,282535.0,158.8,0.3,11.2,300.0
2022-01-05,Warrington,E06000007,245007.0,156.0,0.9,12.9,257.0
2022-01-05,Wigan,E08000010,174671.0,152.6,1.4,12.8,418.0
2022-01-05,Wirral,E08000015,198008.0,142.6,1.3,8.3,379.0
2022-01-06,Knowsley,E08000011,170780.0,158.7,1.7,11.7,160.0
2022-01-06,Liverpool,E08000012,174342.0,155.8,0.1,7.5,449.0
2022-01-06,Merseyside,E11000002,186086.0,150.7,0.5,7.9,1502.0
2022-01-06,Sefton,E08000014,201240.0,146.0,-0.5,6.9,320.0
2022-01-06,St Helens,E08000013,175676.0,158.6,2.5,14.3,209.0
2022-01-06,Stockport,E08000007,287509.0,161.6,1.8,10.5,327.0
2022-01-06,Warrington,E06000007,252429.0,160.8,3.0,12.6,216.0
2022-01-06,Wigan,E08000010,177662.0,155.2,1.7,12.4,404.0
2022-01-06,Wirral,E08000015,198731.0,143.1,0.4,5.6,364.0
2022-01-07,Knowsley,E08000011,173502.0,161.3,1.6,9.0,161.0
2022-01-07,Liverpool,E08000012,175772.0,157.1,0.8,9.2,495.0
2022-01-07,Merseyside,E11000002,189370.0,153.4,1.8,9.8,1610.0
2022-01-07,Sefton,E08000014,205608.0,149.1,2.2,10.2,339.0
2022-01-07,St Helens,E08000013,178739.0,161.4,1.7,14.4,185.0
2022-01-07,Stockport,E08000007,292901.0,164.6,1.9,13.2,383.0
2022-01-07,Warrington,E06000007,257733.0,164.1,2.1,16.1,264.0
2022-01-07,Wigan,E08000010,179908.0,157.1,1.3,13.2,433.0
2022-01-07,Wirral,E08000015,203636.0,146.6,2.5,9.0,430.0
2022-01-08,Knowsley,E08000011,176743.0,164.3,1.9,9.5,162.0
2022-01-08,Liverpool,E08000012,176320.0,157.6,0.3,8.4,465.0
2022-01-08,Merseyside,E11000002,191502.0,155.1,1.1,9.9,1656.0
2022-01-08,Sefton,E08000014,209425.0,151.9,1.9,11.2,380.0
2022-01-08,St Helens,E08000013,177413.0,160.2,-0.7,12.9,212.0
2022-01-08,Stockport,E08000007,300405.0,168.8,2.6,14.9,427.0
2022-01-08,Warrington,E06000007,260549.0,165.9,1.1,17.2,249.0
2022-01-08,Wigan,E08000010,182988.0,159.8,1.7,13.2,432.0
2022-01-08,Wirral,E08000015,207751.0,149.6,2.0,10.1,437.0
2022-01-09,Knowsley,E08000011,176032.0,163.6,-0.4,7.7,155.0
2022-01-09,Liverpool,E08000012,179523.0,160.5,1.8,10.6,480.0
2022-01-09,Merseyside,E11000002,193852.0,157.0,1.2,11.1,1623.0
2022-01-09,Sefton,E08000014,212072.0,153.8,1.3,12.6,333.0
2022-01-09,St Helens,E08000013,175460.0,158.4,-1.1,10.6,230.0
2022-01-09,Stockport,E08000007,302712.0,170.1,0.8,16.3,392.0
2022-01-09,Warrington,E06000007,262482.0,167.2,0.7,18.7,256.0
2022-01-09,Wigan,E08000010,186178.0,162.6,1.7,13.4,436.0
2022-01-09,Wirral,E08000015,212459.0,153.0,2.3,12.8,425.0
2022-01-10,Knowsley,E08000011,174865.0,162.5,-0.7,9.9,134.0
2022-01-10,Liverpool,E08000012,179098.0,160.1,-0.2,10.5,507.0
2022-01-10,Merseyside,E11000002,193587.0,156.8,-0.1,10.9,1609.0
2022-01-10,Sefton,E08000014,212690.0,154.3,0.3,10.9,358.0
2022-01-10,St Helens,E08000013,175173.0,158.2,-0.2,10.8,207.0
2022-01-10,Stockport,E08000007,306074.0,172.0,1.1,15.1,421.0
2022-01-10,Warrington,E06000007,262082.0,166.9,-0.2,15.3,251.0
2022-01-10,Wigan,E08000010,188987.0,165.1,1.5,14.1,408.0
2022-01-10,Wirral,E08000015,212026.0,152.7,-0.2,12.5,403.0
2022-01-11,Knowsley,E08000011,178300.0,165.7,2.0,11.7,184.0
2022-01-11,Liverpool,E08000012,179577.0,160.5,0.3,10.2,471.0
2022-01-11,Merseyside,E11000002,193989.0,157.1,0.2,10.6,1706.0
2022-01-11,Sefton,E08000014,210744.0,152.9,-0.9,9.9,376.0
2022-01-11,St Helens,E08000013,177795.0,160.5,1.5,11.2,230.0
2022-01-11,Stockport,E08000007,304552.0,171.1,-0.5,12.4,356.0
2022-01-11,Warrington,E06000007,266988.0,170.0,1.9,13.8,307.0
2022-01-11,Wigan,E08000010,188236.0,164.4,-0.4,12.8,434.0
2022-01-11,Wirral,E08000015,211893.0,152.6,-0.1,11.9,445.0
2022-01-12,Knowsley,E08000011,180435.0,167.7,1.2,14.0,169.0
2022-01-12,Liverpool,E08000012,179753.0,160.7,0.1,11.8,447.0
2022-01-12,Merseyside,E11000002,194650.0,157.6,0.3,12.2,1531.0
2022-01-12,Sefton,E08000014,211712.0,153.6,0.5,10.8,325.0
2022-01-12,St Helens,E08000013,182639.0,164.9,2.7,16.0,212.0
2022-01-12,Stockport,E08000007,302450.0,170.0,-0.7,11.4,337.0
2022-01-12,Warrington,E06000007,265069.0,168.8,-0.7,12.5,213.0
2022-01-12,Wigan,E08000010,189082.0,165.2,0.4,14.4,362.0
2022-01-12,Wirral,E08000015,209915.0,151.1,-0.9,12.0,378.0
2023-01-01,Knowsley,E08000011,181474.0,168.7,0.6,13.3,130.0
2023-01-01,Liverpool,E08000012,178133.0,159.2,-0.9,8.1,350.0
2023-01-01,Merseyside,E11000002,193628.0,156.8,-0.5,8.8,1185.0
2023-01-01,Sefton,E08000014,211151.0,153.2,-0.3,8.0,253.0
2023-01-01,St Helens,E08000013,181999.0,164.3,-0.4,12.4,155.0
2023-01-01,Stockport,E08000007,300777.0,169.0,-0.6,9.2,228.0
2023-01-01,Warrington,E06000007,261731.0,166.7,-1.3,8.5,153.0
2023-01-01,Wigan,E08000010,188810.0,164.9,-0.1,12.7,271.0
2023-01-01,Wirral,E08000015,208244.0,149.9,-0.8,7.6,297.0
2023-01-02,Knowsley,E08000011,176147.0,163.7,-2.9,8.7,149.0
2023-01-02,Liverpool,E08000012,177957.0,159.1,-0.1,7.4,377.0
2023-01-02,Merseyside,E11000002,192009.0,155.5,-0.8,7.2,1197.0
2023-01-02,Sefton,E08000014,209081.0,151.7,-1.0,5.5,253.0
2023-01-02,St Helens,E08000013,181158.0,163.6,-0.5,11.4,157.0
2023-01-02,Stockport,E08000007,301211.0,169.3,0.1,8.9,275.0
2023-01-02,Warrington,E06000007,259597.0,165.3,-0.8,7.2,181.0
2023-01-02,Wigan,E08000010,186526.0,162.9,-1.2,10.2,260.0
2023-01-02,Wirral,E08000015,205948.0,148.3,-1.1,6.0,261.0
2023-01-03,Knowsley,E08000011,177818.0,165.3,0.9,9.2,121.0
2023-01-03,Liverpool,E08000012,175454.0,156.8,-1.4,5.8,373.0
2023-01-03,Merseyside,E11000002,189746.0,153.7,-1.2,5.2,1238.0
2023-01-03,Sefton,E08000014,205913.0,149.4,-1.5,2.6,280.0
2023-01-03,St Helens,E08000013,178085.0,160.8,-1.7,8.2,132.0
2023-01-03,Stockport,E08000007,299980.0,168.6,-0.4,7.0,332.0
2023-01-03,Warrington,E06000007,258487.0,164.6,-0.4,7.2,205.0
2023-01-03,Wigan,E08000010,182245.0,159.2,-2.3,6.7,327.0
2023-01-03,Wirral,E08000015,203458.0,146.5,-1.2,3.9,332.0
2023-01-04,Knowsley,E08000011,176531.0,164.1,-0.7,6.2,89.0
2023-01-04,Liverpool,E08000012,173728.0,155.3,-1.0,2.3,280.0
2023-01-04,Merseyside,E11000002,188824.0,152.9,-0.5,3.8,912.0
2023-01-04,Sefton,E08000014,205757.0,149.2,-0.1,2.6,216.0
2023-01-04,St Helens,E08000013,177684.0,160.4,-0.2,7.5,108.0
2023-01-04,Stockport,E08000007,295626.0,166.1,-1.5,4.9,213.0
2023-01-04,Warrington,E06000007,261611.0,166.6,1.2,7.7,142.0
2023-01-04,Wigan,E08000010,179019.0,156.4,-1.8,3.9,246.0
2023-01-04,Wirral,E08000015,202936.0,146.1,-0.3,3.8,219.0
2023-01-05,Knowsley,E08000011,177310.0,164.8,0.4,5.6,98.0
2023-01-05,Liverpool,E08000012,169532.0,151.5,-2.4,-2.7,323.0
2023-01-05,Merseyside,E11000002,187903.0,152.2,-0.5,1.5,1021.0
2023-01-05,Sefton,E08000014,208920.0,151.5,1.5,3.3,203.0
2023-01-05,St Helens,E08000013,174372.0,157.4,-1.9,1.8,131.0
2023-01-05,Stockport,E08000007,294486.0,165.5,-0.4,4.2,251.0
2023-01-05,Warrington,E06000007,255563.0,162.7,-2.3,4.3,145.0
2023-01-05,Wigan,E08000010,179387.0,156.7,0.2,2.7,235.0
2023-01-05,Wirral,E08000015,203904.0,146.8,0.5,3.0,266.0
2023-01-06,Knowsley,E08000011,174724.0,162.4,-1.5,2.3,117.0
2023-01-06,Liverpool,E08000012,170629.0,152.5,0.6,-2.1,318.0
2023-01-06,Merseyside,E11000002,187966.0,152.2,0.0,1.0,1061.0
2023-01-06,Sefton,E08000014,208575.0,151.3,-0.2,3.6,218.0
2023-01-06,St Helens,E08000013,173387.0,156.5,-0.6,-1.3,148.0
2023-01-06,Stockport,E08000007,292810.0,164.5,-0.6,1.8,251.0
2023-01-06,Warrington,E06000007,258778.0,164.8,1.3,2.5,194.0
2023-01-06,Wigan,E08000010,179776.0,157.0,0.2,1.2,272.0
2023-01-06,Wirral,E08000015,204667.0,147.4,0.4,3.0,260.0
2023-01-07,Knowsley,E08000011,175259.0,162.9,0.3,1.0,87.0
2023-01-07,Liverpool,E08000012,173248.0,154.9,1.5,-1.4,317.0
2023-01-07,Merseyside,E11000002,189160.0,153.2,0.6,-0.1,1076.0
2023-01-07,Sefton,E08000014,210027.0,152.3,0.7,2.1,233.0
2023-01-07,St Helens,E08000013,172799.0,156.0,-0.3,-3.3,142.0
2023-01-07,Stockport,E08000007,297630.0,167.3,1.6,1.6,282.0
2023-01-07,Warrington,E06000007,257475.0,164.0,-0.5,-0.1,181.0
2023-01-07,Wigan,E08000010,179987.0,157.2,0.1,0.0,263.0
2023-01-07,Wirral,E08000015,205007.0,147.6,0.2,0.7,297.0
2023-01-08,Knowsley,E08000011,178554.0,166.0,1.9,1.0,124.0
2023-01-08,Liverpool,E08000012,176630.0,157.9,2.0,0.2,364.0
2023-01-08,Merseyside,E11000002,191125.0,154.8,1.0,-0.2,1163.0
2023-01-08,Sefton,E08000014,209034.0,151.6,-0.5,-0.2,268.0
2023-01-08,St Helens,E08000013,173699.0,156.8,0.5,-2.1,124.0
2023-01-08,Stockport,E08000007,297808.0,167.4,0.1,-0.9,307.0
2023-01-08,Warrington,E06000007,261628.0,166.6,1.6,0.4,208.0
2023-01-08,Wigan,E08000010,181962.0,158.9,1.1,-0.6,302.0
2023-01-08,Wirral,E08000015,207418.0,149.3,1.2,-0.2,283.0
2023-01-09,Knowsley,E08000011,178472.0,165.9,0.0,1.4,97.0
2023-01-09,Liverpool,E08000012,179036.0,160.0,1.4,-0.3,343.0
2023-01-09,Merseyside,E11000002,194053.0,157.2,1.5,0.1,1102.0
2023-01-09,Sefton,E08000014,213178.0,154.6,2.0,0.5,236.0
2023-01-09,St Helens,E08000013,175630.0,158.6,1.1,0.1,141.0
2023-01-09,Stockport,E08000007,302491.0,170.0,1.6,-0.1,275.0
2023-01-09,Warrington,E06000007,257965.0,164.3,-1.4,-1.7,201.0
2023-01-09,Wigan,E08000010,184065.0,160.8,1.2,-1.1,282.0
2023-01-09,Wirral,E08000015,211973.0,152.6,2.2,-0.2,285.0
2023-01-10,Knowsley,E08000011,179822.0,167.1,0.8,2.8,74.0
2023-01-10,Liverpool,E08000012,176646.0,157.9,-1.3,-1.4,264.0
2023-01-10,Merseyside,E11000002,193765.0,156.9,-0.1,0.1,917.0
2023-01-10,Sefton,E08000014,211505.0,153.4,-0.8,-0.6,237.0
2023-01-10,St Helens,E08000013,176115.0,159.0,0.3,0.5,106.0
2023-01-10,Stockport,E08000007,302858.0,170.2,0.1,-1.1,188.0
2023-01-10,Warrington,E06000007,261389.0,166.5,1.3,-0.3,140.0
2023-01-10,Wigan,E08000010,184289.0,161.0,0.1,-2.5,171.0
2023-01-10,Wirral,E08000015,214564.0,154.5,1.2,1.2,236.0
